isocode,group,year,value,observation_status
AUT,AE,2013,2587.586,D
AUT,AE,2014,2647.489,D
AUT,AE,2015,2744.844,D
AUT,AE,2016,2875.706,D
AUT,AE,2017,2889.779,D
AUT,AE,2018,2913.369,D
AUT,AE,2019,3009.644,D
AUT,AE,2020,3287.074,D
AUT,AE,2021,3269.58,D
AUT,AE,2022,3605.8,D
AUT,AE,2023,4095.492,D
AUT,AE,2024,4403.323,D
AUT,AE,2025,4851.029,D
BEL,AE,2013,2522.459,
BEL,AE,2014,2728.142,
BEL,AE,2015,2537.333,
BEL,AE,2016,2686.3782,
BEL,AE,2017,2937.849444,
BEL,AE,2018,2938.965429,
BEL,AE,2019,3312.6809,
BEL,AE,2020,3448.158752,
BEL,AE,2021,3730.072703,
BEL,AE,2022,3887.079349,
BEL,AE,2023,3914.218373,
BEL,AE,2024,4052.979404,
BGR,EMDE,2013,102.4731188,
BGR,EMDE,2014,105.6226768,
BGR,EMDE,2015,108.634186,
BGR,EMDE,2016,95.85188897,
BGR,EMDE,2017,109.5545114,
BGR,EMDE,2018,114.1050091,
BGR,EMDE,2019,136.6734328,
BGR,EMDE,2020,145.1046359,
BGR,EMDE,2021,166.5942337,
BGR,EMDE,2022,187.0203443,
BGR,EMDE,2023,213.4387958,
BGR,EMDE,2024,247.0270934,
CHE,AE,2014,5705.996676,
CHE,AE,2015,5873.415648,
CHE,AE,2017,6842.131633,B
CHE,AE,2018,6682.579363,
CHE,AE,2019,6923.689618,
CHE,AE,2020,7265.051522,
CHE,AE,2021,7371.999495,
CHE,AE,2022,7664.77,
CHE,AE,2023,7837.41,
CHE,AE,2024,7722.841545,
CHL,EMDE,2013,280229.747,
CHL,EMDE,2014,309676.821,
CHL,EMDE,2015,321572.515,
CHL,EMDE,2016,372153.1714,
CHL,EMDE,2017,388352.4505,
CHL,EMDE,2018,414224.195,
CHL,EMDE,2019,408798.566,
CHL,EMDE,2020,417461.6878,
CHL,EMDE,2021,449791.1608,
CHL,EMDE,2022,466449.7078,
CHL,EMDE,2023,523306.9397,
COL,EMDE,2013,630387.4645,
COL,EMDE,2014,655824.1544,
COL,EMDE,2015,791587.8561,
COL,EMDE,2016,660734.8967,
COL,EMDE,2017,821303.5636,
COL,EMDE,2018,739961.4466,
COL,EMDE,2019,736336.0018,
COL,EMDE,2020,636534.8152,
CZE,AE,2013,26705.1384,
CZE,AE,2014,27284.10211,
CZE,AE,2015,27829.778,
CZE,AE,2016,27984.351,
CZE,AE,2017,30653.30993,
CZE,AE,2018,33382.637,
CZE,AE,2019,35813.011,
CZE,AE,2020,38090.058,
CZE,AE,2021,38294.8957,
CZE,AE,2022,38485.19,
CZE,AE,2023,39039.07,
CZE,AE,2024,40040.84219,
CZE,AE,2025,43305.15746,P
DEU,AE,2013,25370.994,
DEU,AE,2014,25518.16,
DEU,AE,2015,26532.81,
DEU,AE,2016,28349.09901,
DEU,AE,2017,30160.77756,
DEU,AE,2018,31759.93,
DEU,AE,2019,33994.96,
DEU,AE,2020,37171.11,
DEU,AE,2021,40451.534,
DEU,AE,2022,43055.2549,
DEU,AE,2023,44090.06,
DEU,AE,2024,44917.61223,
DNK,AE,2013,19663.2,
DNK,AE,2014,19841.8,
DNK,AE,2015,20414.4,E
DNK,AE,2016,19076.2,E
DNK,AE,2017,19440.4,E
DNK,AE,2018,19990.5,E
DNK,AE,2019,20645.6,E
DNK,AE,2020,22536.8,E
DNK,AE,2021,23124.0,E
DNK,AE,2022,23119.6,E
DNK,AE,2023,24644.0,E
DNK,AE,2024,26093.0,E
ESP,AE,2013,5682.1779,
ESP,AE,2014,5776.6616,
ESP,AE,2015,6042.3426,
ESP,AE,2016,6055.255,
ESP,AE,2017,5996.533,
ESP,AE,2018,6268.69,
ESP,AE,2019,6482.661,
ESP,AE,2020,6963.1523,
ESP,AE,2021,7492.490813,
ESP,AE,2022,8002.48,
ESP,AE,2023,8996.56,
ESP,AE,2024,9512.013419,
EST,AE,2013,153.963,E
EST,AE,2014,141.855,E
EST,AE,2015,140.455,E
EST,AE,2016,145.15,B
EST,AE,2017,143.15,
EST,AE,2018,182.39,
EST,AE,2019,175.42,
EST,AE,2020,187.16,
EST,AE,2021,215.73,
EST,AE,2022,260.34,
EST,AE,2023,337.3,
EST,AE,2024,317.652341,
FIN,AE,2013,2017.901,
FIN,AE,2014,2001.6,
FIN,AE,2015,2001.6,
FIN,AE,2016,1836.42,
FIN,AE,2017,1885.91,
FIN,AE,2018,1951.0,
FIN,AE,2019,2008.9,
FIN,AE,2020,2286.6,
FIN,AE,2021,2235.61,
FIN,AE,2022,2402.36,
FIN,AE,2023,2348.65,
FIN,AE,2024,2498.7033,
FRA,AE,2013,14980.5944,
FRA,AE,2014,14818.205,
FRA,AE,2015,14173.486,
FRA,AE,2016,14048.1734,
FRA,AE,2017,14747.8687,
FRA,AE,2018,15560.34375,
FRA,AE,2019,16181.86209,
FRA,AE,2020,17008.80541,
FRA,AE,2021,17659.90502,E
FRA,AE,2022,17899.70496,
FRA,AE,2023,18265.74,
FRA,AE,2024,18924.28455,
GBR,AE,2013,9985.7,
GBR,AE,2014,10177.4,
GBR,AE,2015,10155.2,
GBR,AE,2016,10333.8,
GBR,AE,2017,10953.6,
GBR,AE,2018,11818.0,
GBR,AE,2019,12174.39,
GBR,AE,2020,14004.97,
GBR,AE,2021,14027.29,
GBR,AE,2022,15501.58,
GBR,AE,2023,17038.57,
GRC,AE,2013,858.64,
GRC,AE,2014,781.56,
GRC,AE,2015,923.02,
GRC,AE,2016,946.26,
GRC,AE,2017,884.64,
GRC,AE,2018,1118.01,
GRC,AE,2019,1288.44,
GRC,AE,2020,1463.21,
GRC,AE,2021,1550.211783,
GRC,AE,2022,1537.49,
GRC,AE,2023,1280.89,B
GRC,AE,2024,1305.489813,
HRV,AE,2013,270.29,
HRV,AE,2014,311.47,
HRV,AE,2015,361.4,
HRV,AE,2016,343.41,
HRV,AE,2017,350.69,
HRV,AE,2018,389.07,
HRV,AE,2019,415.85,
HRV,AE,2020,393.54,
HRV,AE,2021,413.23,
HRV,AE,2022,445.12,
HRV,AE,2023,533.18,
HRV,AE,2024,576.623217,
HUN,EMDE,2013,196744.0,D
HUN,EMDE,2014,90909.0,
HUN,EMDE,2015,96160.4,
HUN,EMDE,2016,139996.8,
HUN,EMDE,2017,136207.5,
HUN,EMDE,2018,129457.9,
HUN,EMDE,2019,129148.0,
HUN,EMDE,2020,256452.9,
HUN,EMDE,2021,249003.2,
HUN,EMDE,2022,202512.14,
HUN,EMDE,2023,235079.44,
HUN,EMDE,2024,216687.889,
IRL,AE,2013,721.6,
IRL,AE,2014,726.8,
IRL,AE,2015,736.3,
IRL,AE,2016,719.3,
IRL,AE,2017,739.3,
IRL,AE,2018,765.7,
IRL,AE,2019,802.2,
IRL,AE,2020,866.8,
IRL,AE,2021,952.38,
IRL,AE,2022,963.68,
IRL,AE,2023,1051.18,
IRL,AE,2024,1158.11,
ISL,AE,2013,14531.68,B
ISL,AE,2014,15038.06,
ISL,AE,2015,17105.2,
ISL,AE,2016,20435.72,
ISL,AE,2017,21683.98,
ISL,AE,2018,24271.47,
ISL,AE,2019,25102.72,
ISL,AE,2020,30236.55,
ISL,AE,2021,38301.23,
ISL,AE,2022,41861.86925,
ISL,AE,2023,47426.29342,
ISL,AE,2024,47617.849,
ISR,AE,2013,6474.0,D
ISR,AE,2014,6895.4,D
ISR,AE,2015,7210.7,D
ISR,AE,2016,7567.3,D
ISR,AE,2017,7736.9,D
ISR,AE,2018,8295.276619,D
ISR,AE,2019,8487.22847,D
ISR,AE,2020,9438.027238,D
ISR,AE,2021,8818.509552,D
ISR,AE,2022,9395.36372,D
ISR,AE,2023,9868.620135,D
ISR,AE,2024,10383.7846,D
ITA,AE,2013,8444.3,
ITA,AE,2014,8450.4,
ITA,AE,2015,8371.6,
ITA,AE,2016,8734.1,
ITA,AE,2017,8791.892,
ITA,AE,2018,9008.724,
ITA,AE,2019,9835.682,
ITA,AE,2020,11020.012,
ITA,AE,2021,11675.222,
ITA,AE,2022,12843.14,
ITA,AE,2023,13461.03,
ITA,AE,2024,13531.532,
JPN,AE,2013,3609767.0,D
JPN,AE,2014,3651321.0,D
JPN,AE,2015,3477647.0,D
JPN,AE,2016,3566864.631,B
JPN,AE,2017,4456397.651,B
JPN,AE,2018,4774072.512,D
JPN,AE,2019,5737050.819,D
JPN,AE,2020,8955751.677,D
JPN,AE,2021,8081883.955,D
JPN,AE,2022,9396365.765,D
JPN,AE,2023,9476260.911,D
JPN,AE,2024,8352349.672,D
JPN,AE,2025,8319527.411,D
KOR,AE,2013,17147140.0,
KOR,AE,2014,17779261.0,
KOR,AE,2015,18890025.94,
KOR,AE,2016,19149201.0,
KOR,AE,2017,19501845.75,
KOR,AE,2018,19748269.0,
KOR,AE,2019,20853200.0,
KOR,AE,2020,24255800.0,
KOR,AE,2021,27507200.0,
KOR,AE,2022,29513800.0,P
KOR,AE,2023,31077800.0,P
KOR,AE,2024,26536900.0,
LTU,AE,2013,125.639,
LTU,AE,2014,126.014,
LTU,AE,2015,122.053,
LTU,AE,2016,122.18,
LTU,AE,2017,132.222,
LTU,AE,2018,133.648,
LTU,AE,2019,152.41,
LTU,AE,2020,163.26,
LTU,AE,2021,174.8,
LTU,AE,2022,219.37,
LTU,AE,2023,278.46,
LTU,AE,2024,366.25315,
LUX,AE,2013,324.72,
LUX,AE,2014,325.04,
LUX,AE,2015,380.36,
LUX,AE,2016,385.74,
LUX,AE,2017,393.38,
LUX,AE,2018,400.32,
LUX,AE,2019,433.59,
LUX,AE,2020,425.07,
LUX,AE,2021,438.2706598,
LUX,AE,2022,495.3985712,
LUX,AE,2023,501.5043981,
LUX,AE,2024,518.8331281,
LVA,AE,2013,32.4,
LVA,AE,2014,38.2,
LVA,AE,2015,46.6,
LVA,AE,2016,52.6,
LVA,AE,2017,60.0,
LVA,AE,2018,63.9,
LVA,AE,2019,69.0,
LVA,AE,2020,79.2,
LVA,AE,2021,84.35,
LVA,AE,2022,93.36,
LVA,AE,2023,118.0,
LVA,AE,2024,148.621997,
NLD,AE,2013,4794.3,
NLD,AE,2014,4873.809,
NLD,AE,2015,4880.717,
NLD,AE,2016,4926.044,
NLD,AE,2017,4957.942,
NLD,AE,2018,5520.877,
NLD,AE,2019,5634.935198,
NLD,AE,2020,6063.575831,
NLD,AE,2021,6847.064369,
NLD,AE,2022,7532.9,
NLD,AE,2023,8532.03,
NLD,AE,2024,8932.31709,B
NLD,AE,2025,9654.02,P
NOR,AE,2013,24918.35656,
NOR,AE,2014,26938.86203,
NOR,AE,2015,28966.07066,
NOR,AE,2016,30940.45054,
NOR,AE,2017,33908.9,
NOR,AE,2018,34991.8,
NOR,AE,2019,36518.5,
NOR,AE,2020,39372.5,
NOR,AE,2021,38424.7,
NOR,AE,2022,41590.98,
NOR,AE,2023,42192.52,
NOR,AE,2024,44256.544,
NOR,AE,2025,45903.525,P
POL,EMDE,2013,6037.6,
POL,EMDE,2014,7396.9,
POL,EMDE,2015,7338.7,
POL,EMDE,2016,6111.6,
POL,EMDE,2017,7185.4,
POL,EMDE,2018,6053.1,
POL,EMDE,2019,10182.3,B
POL,EMDE,2020,10186.4,
POL,EMDE,2021,12018.0334,
POL,EMDE,2022,12971.79,
POL,EMDE,2023,17336.92,
POL,EMDE,2024,17820.8851,
PRT,AE,2013,674.57,
PRT,AE,2014,629.44,
PRT,AE,2015,686.8,
PRT,AE,2016,708.66,
PRT,AE,2017,731.354248,
PRT,AE,2018,744.685661,
PRT,AE,2019,747.197408,
PRT,AE,2020,740.99187,
PRT,AE,2021,778.96,
PRT,AE,2022,801.6,
PRT,AE,2023,802.29,
PRT,AE,2024,837.419224,
ROU,EMDE,2013,1314.3,B
ROU,EMDE,2014,1420.9706,
ROU,EMDE,2015,1836.104,
ROU,EMDE,2016,2137.2871,
ROU,EMDE,2017,1610.1,
ROU,EMDE,2018,1638.0,
ROU,EMDE,2019,2032.135674,
ROU,EMDE,2020,1920.247524,
ROU,EMDE,2021,1936.070302,
ROU,EMDE,2022,1959.92,
ROU,EMDE,2023,2440.92,
ROU,EMDE,2024,2080.354339,
SVK,AE,2013,289.234,
SVK,AE,2014,289.25,
SVK,AE,2015,330.736,
SVK,AE,2016,302.259,
SVK,AE,2017,306.538,
SVK,AE,2018,328.195,
SVK,AE,2019,360.108,
SVK,AE,2020,383.947,
SVK,AE,2021,407.242,
SVK,AE,2022,412.4,
SVK,AE,2023,453.919,
SVK,AE,2024,481.546,
SVN,AE,2013,174.507057,
SVN,AE,2014,161.337,
SVN,AE,2015,159.8322,
SVN,AE,2016,162.773,
SVN,AE,2017,170.529,
SVN,AE,2018,191.663944,
SVN,AE,2019,219.760979,
SVN,AE,2020,243.55,
SVN,AE,2021,264.354492,
SVN,AE,2022,306.83,
SVN,AE,2023,518.223146,B
SVN,AE,2024,549.056334,
SWE,AE,2013,31488.93322,
SWE,AE,2014,32871.32492,
SWE,AE,2015,33132.36901,
SWE,AE,2016,34389.42238,
SWE,AE,2017,35711.19256,
SWE,AE,2018,36211.58236,
SWE,AE,2019,37016.94744,
SWE,AE,2020,38466.41865,
SWE,AE,2021,42692.57872,
SWE,AE,2022,43512.49,
SWE,AE,2023,44861.36,B
SWE,AE,2024,46530.34804,
SWE,AE,2025,48827.26419,P
USA,AE,2013,109608.0,
USA,AE,2014,112502.0,
USA,AE,2015,115220.0,
USA,AE,2016,126093.0,
USA,AE,2017,127306.0,
USA,AE,2018,144459.0,
USA,AE,2019,149971.0,
USA,AE,2020,169901.0,
USA,AE,2021,161885.0,
USA,AE,2022,186876.0,
USA,AE,2023,198941.0,
USA,AE,2024,199342.0,
USA,AE,2025,188596.0,P
