panel,param,param_value,quarter,pct_dev
Infrastructure (α<sub>G</sub>),alphaG,0.03,1,0.483
Infrastructure (α<sub>G</sub>),alphaG,0.03,2,0.119
Infrastructure (α<sub>G</sub>),alphaG,0.03,3,0.17
Infrastructure (α<sub>G</sub>),alphaG,0.03,4,0.21
Infrastructure (α<sub>G</sub>),alphaG,0.03,5,0.246
Infrastructure (α<sub>G</sub>),alphaG,0.03,6,0.28
Infrastructure (α<sub>G</sub>),alphaG,0.03,7,0.313
Infrastructure (α<sub>G</sub>),alphaG,0.03,8,0.345
Infrastructure (α<sub>G</sub>),alphaG,0.03,9,0.377
Infrastructure (α<sub>G</sub>),alphaG,0.03,10,0.407
Infrastructure (α<sub>G</sub>),alphaG,0.03,11,0.437
Infrastructure (α<sub>G</sub>),alphaG,0.03,12,0.467
Infrastructure (α<sub>G</sub>),alphaG,0.03,13,0.496
Infrastructure (α<sub>G</sub>),alphaG,0.03,14,0.524
Infrastructure (α<sub>G</sub>),alphaG,0.03,15,0.552
Infrastructure (α<sub>G</sub>),alphaG,0.03,16,0.579
Infrastructure (α<sub>G</sub>),alphaG,0.03,17,0.606
Infrastructure (α<sub>G</sub>),alphaG,0.03,18,0.632
Infrastructure (α<sub>G</sub>),alphaG,0.03,19,0.658
Infrastructure (α<sub>G</sub>),alphaG,0.03,20,0.683
Infrastructure (α<sub>G</sub>),alphaG,0.03,21,0.708
Infrastructure (α<sub>G</sub>),alphaG,0.03,22,0.732
Infrastructure (α<sub>G</sub>),alphaG,0.03,23,0.756
Infrastructure (α<sub>G</sub>),alphaG,0.03,24,0.78
Infrastructure (α<sub>G</sub>),alphaG,0.03,25,0.804
Infrastructure (α<sub>G</sub>),alphaG,0.03,26,0.827
Infrastructure (α<sub>G</sub>),alphaG,0.03,27,0.849
Infrastructure (α<sub>G</sub>),alphaG,0.03,28,0.872
Infrastructure (α<sub>G</sub>),alphaG,0.03,29,0.894
Infrastructure (α<sub>G</sub>),alphaG,0.03,30,0.915
Infrastructure (α<sub>G</sub>),alphaG,0.03,31,0.937
Infrastructure (α<sub>G</sub>),alphaG,0.03,32,0.958
Infrastructure (α<sub>G</sub>),alphaG,0.03,33,0.978
Infrastructure (α<sub>G</sub>),alphaG,0.03,34,0.999
Infrastructure (α<sub>G</sub>),alphaG,0.03,35,1.019
Infrastructure (α<sub>G</sub>),alphaG,0.03,36,1.039
Infrastructure (α<sub>G</sub>),alphaG,0.03,37,1.058
Infrastructure (α<sub>G</sub>),alphaG,0.03,38,1.078
Infrastructure (α<sub>G</sub>),alphaG,0.03,39,1.097
Infrastructure (α<sub>G</sub>),alphaG,0.03,40,1.116
Infrastructure (α<sub>G</sub>),alphaG,0.03,41,1.134
Infrastructure (α<sub>G</sub>),alphaG,0.03,42,1.153
Infrastructure (α<sub>G</sub>),alphaG,0.03,43,1.171
Infrastructure (α<sub>G</sub>),alphaG,0.03,44,1.189
Infrastructure (α<sub>G</sub>),alphaG,0.03,45,1.206
Infrastructure (α<sub>G</sub>),alphaG,0.03,46,1.224
Infrastructure (α<sub>G</sub>),alphaG,0.03,47,1.241
Infrastructure (α<sub>G</sub>),alphaG,0.03,48,1.258
Infrastructure (α<sub>G</sub>),alphaG,0.03,49,1.274
Infrastructure (α<sub>G</sub>),alphaG,0.03,50,1.291
Infrastructure (α<sub>G</sub>),alphaG,0.03,51,1.307
Infrastructure (α<sub>G</sub>),alphaG,0.03,52,1.323
Infrastructure (α<sub>G</sub>),alphaG,0.03,53,1.339
Infrastructure (α<sub>G</sub>),alphaG,0.03,54,1.355
Infrastructure (α<sub>G</sub>),alphaG,0.03,55,1.37
Infrastructure (α<sub>G</sub>),alphaG,0.03,56,1.385
Infrastructure (α<sub>G</sub>),alphaG,0.03,57,1.4
Infrastructure (α<sub>G</sub>),alphaG,0.03,58,1.415
Infrastructure (α<sub>G</sub>),alphaG,0.03,59,1.43
Infrastructure (α<sub>G</sub>),alphaG,0.03,60,1.444
Infrastructure (α<sub>G</sub>),alphaG,0.03,61,1.459
Infrastructure (α<sub>G</sub>),alphaG,0.03,62,1.473
Infrastructure (α<sub>G</sub>),alphaG,0.03,63,1.487
Infrastructure (α<sub>G</sub>),alphaG,0.03,64,1.5
Infrastructure (α<sub>G</sub>),alphaG,0.03,65,1.514
Infrastructure (α<sub>G</sub>),alphaG,0.03,66,1.527
Infrastructure (α<sub>G</sub>),alphaG,0.03,67,1.54
Infrastructure (α<sub>G</sub>),alphaG,0.03,68,1.554
Infrastructure (α<sub>G</sub>),alphaG,0.03,69,1.566
Infrastructure (α<sub>G</sub>),alphaG,0.03,70,1.579
Infrastructure (α<sub>G</sub>),alphaG,0.03,71,1.592
Infrastructure (α<sub>G</sub>),alphaG,0.03,72,1.604
Infrastructure (α<sub>G</sub>),alphaG,0.03,73,1.616
Infrastructure (α<sub>G</sub>),alphaG,0.03,74,1.628
Infrastructure (α<sub>G</sub>),alphaG,0.03,75,1.64
Infrastructure (α<sub>G</sub>),alphaG,0.03,76,1.652
Infrastructure (α<sub>G</sub>),alphaG,0.03,77,1.664
Infrastructure (α<sub>G</sub>),alphaG,0.03,78,1.675
Infrastructure (α<sub>G</sub>),alphaG,0.03,79,1.686
Infrastructure (α<sub>G</sub>),alphaG,0.03,80,1.698
Infrastructure (α<sub>G</sub>),alphaG,0.03,81,1.709
Infrastructure (α<sub>G</sub>),alphaG,0.03,82,1.72
Infrastructure (α<sub>G</sub>),alphaG,0.03,83,1.73
Infrastructure (α<sub>G</sub>),alphaG,0.03,84,1.741
Infrastructure (α<sub>G</sub>),alphaG,0.03,85,1.751
Infrastructure (α<sub>G</sub>),alphaG,0.03,86,1.762
Infrastructure (α<sub>G</sub>),alphaG,0.03,87,1.772
Infrastructure (α<sub>G</sub>),alphaG,0.03,88,1.782
Infrastructure (α<sub>G</sub>),alphaG,0.03,89,1.792
Infrastructure (α<sub>G</sub>),alphaG,0.03,90,1.802
Infrastructure (α<sub>G</sub>),alphaG,0.03,91,1.811
Infrastructure (α<sub>G</sub>),alphaG,0.03,92,1.821
Infrastructure (α<sub>G</sub>),alphaG,0.03,93,1.83
Infrastructure (α<sub>G</sub>),alphaG,0.03,94,1.84
Infrastructure (α<sub>G</sub>),alphaG,0.03,95,1.849
Infrastructure (α<sub>G</sub>),alphaG,0.03,96,1.858
Infrastructure (α<sub>G</sub>),alphaG,0.03,97,1.867
Infrastructure (α<sub>G</sub>),alphaG,0.03,98,1.876
Infrastructure (α<sub>G</sub>),alphaG,0.03,99,1.884
Infrastructure (α<sub>G</sub>),alphaG,0.03,100,1.893
Infrastructure (α<sub>G</sub>),alphaG,0.054,1,0.55
Infrastructure (α<sub>G</sub>),alphaG,0.054,2,0.046
Infrastructure (α<sub>G</sub>),alphaG,0.054,3,0.125
Infrastructure (α<sub>G</sub>),alphaG,0.054,4,0.19
Infrastructure (α<sub>G</sub>),alphaG,0.054,5,0.249
Infrastructure (α<sub>G</sub>),alphaG,0.054,6,0.306
Infrastructure (α<sub>G</sub>),alphaG,0.054,7,0.361
Infrastructure (α<sub>G</sub>),alphaG,0.054,8,0.414
Infrastructure (α<sub>G</sub>),alphaG,0.054,9,0.467
Infrastructure (α<sub>G</sub>),alphaG,0.054,10,0.518
Infrastructure (α<sub>G</sub>),alphaG,0.054,11,0.567
Infrastructure (α<sub>G</sub>),alphaG,0.054,12,0.616
Infrastructure (α<sub>G</sub>),alphaG,0.054,13,0.664
Infrastructure (α<sub>G</sub>),alphaG,0.054,14,0.711
Infrastructure (α<sub>G</sub>),alphaG,0.054,15,0.757
Infrastructure (α<sub>G</sub>),alphaG,0.054,16,0.802
Infrastructure (α<sub>G</sub>),alphaG,0.054,17,0.846
Infrastructure (α<sub>G</sub>),alphaG,0.054,18,0.889
Infrastructure (α<sub>G</sub>),alphaG,0.054,19,0.932
Infrastructure (α<sub>G</sub>),alphaG,0.054,20,0.974
Infrastructure (α<sub>G</sub>),alphaG,0.054,21,1.015
Infrastructure (α<sub>G</sub>),alphaG,0.054,22,1.055
Infrastructure (α<sub>G</sub>),alphaG,0.054,23,1.095
Infrastructure (α<sub>G</sub>),alphaG,0.054,24,1.134
Infrastructure (α<sub>G</sub>),alphaG,0.054,25,1.173
Infrastructure (α<sub>G</sub>),alphaG,0.054,26,1.211
Infrastructure (α<sub>G</sub>),alphaG,0.054,27,1.248
Infrastructure (α<sub>G</sub>),alphaG,0.054,28,1.285
Infrastructure (α<sub>G</sub>),alphaG,0.054,29,1.321
Infrastructure (α<sub>G</sub>),alphaG,0.054,30,1.357
Infrastructure (α<sub>G</sub>),alphaG,0.054,31,1.392
Infrastructure (α<sub>G</sub>),alphaG,0.054,32,1.427
Infrastructure (α<sub>G</sub>),alphaG,0.054,33,1.461
Infrastructure (α<sub>G</sub>),alphaG,0.054,34,1.494
Infrastructure (α<sub>G</sub>),alphaG,0.054,35,1.528
Infrastructure (α<sub>G</sub>),alphaG,0.054,36,1.56
Infrastructure (α<sub>G</sub>),alphaG,0.054,37,1.593
Infrastructure (α<sub>G</sub>),alphaG,0.054,38,1.624
Infrastructure (α<sub>G</sub>),alphaG,0.054,39,1.656
Infrastructure (α<sub>G</sub>),alphaG,0.054,40,1.687
Infrastructure (α<sub>G</sub>),alphaG,0.054,41,1.717
Infrastructure (α<sub>G</sub>),alphaG,0.054,42,1.747
Infrastructure (α<sub>G</sub>),alphaG,0.054,43,1.777
Infrastructure (α<sub>G</sub>),alphaG,0.054,44,1.806
Infrastructure (α<sub>G</sub>),alphaG,0.054,45,1.835
Infrastructure (α<sub>G</sub>),alphaG,0.054,46,1.864
Infrastructure (α<sub>G</sub>),alphaG,0.054,47,1.892
Infrastructure (α<sub>G</sub>),alphaG,0.054,48,1.92
Infrastructure (α<sub>G</sub>),alphaG,0.054,49,1.947
Infrastructure (α<sub>G</sub>),alphaG,0.054,50,1.974
Infrastructure (α<sub>G</sub>),alphaG,0.054,51,2.001
Infrastructure (α<sub>G</sub>),alphaG,0.054,52,2.027
Infrastructure (α<sub>G</sub>),alphaG,0.054,53,2.053
Infrastructure (α<sub>G</sub>),alphaG,0.054,54,2.079
Infrastructure (α<sub>G</sub>),alphaG,0.054,55,2.104
Infrastructure (α<sub>G</sub>),alphaG,0.054,56,2.129
Infrastructure (α<sub>G</sub>),alphaG,0.054,57,2.154
Infrastructure (α<sub>G</sub>),alphaG,0.054,58,2.178
Infrastructure (α<sub>G</sub>),alphaG,0.054,59,2.202
Infrastructure (α<sub>G</sub>),alphaG,0.054,60,2.226
Infrastructure (α<sub>G</sub>),alphaG,0.054,61,2.25
Infrastructure (α<sub>G</sub>),alphaG,0.054,62,2.273
Infrastructure (α<sub>G</sub>),alphaG,0.054,63,2.296
Infrastructure (α<sub>G</sub>),alphaG,0.054,64,2.318
Infrastructure (α<sub>G</sub>),alphaG,0.054,65,2.34
Infrastructure (α<sub>G</sub>),alphaG,0.054,66,2.362
Infrastructure (α<sub>G</sub>),alphaG,0.054,67,2.384
Infrastructure (α<sub>G</sub>),alphaG,0.054,68,2.405
Infrastructure (α<sub>G</sub>),alphaG,0.054,69,2.427
Infrastructure (α<sub>G</sub>),alphaG,0.054,70,2.447
Infrastructure (α<sub>G</sub>),alphaG,0.054,71,2.468
Infrastructure (α<sub>G</sub>),alphaG,0.054,72,2.488
Infrastructure (α<sub>G</sub>),alphaG,0.054,73,2.508
Infrastructure (α<sub>G</sub>),alphaG,0.054,74,2.528
Infrastructure (α<sub>G</sub>),alphaG,0.054,75,2.548
Infrastructure (α<sub>G</sub>),alphaG,0.054,76,2.567
Infrastructure (α<sub>G</sub>),alphaG,0.054,77,2.586
Infrastructure (α<sub>G</sub>),alphaG,0.054,78,2.605
Infrastructure (α<sub>G</sub>),alphaG,0.054,79,2.624
Infrastructure (α<sub>G</sub>),alphaG,0.054,80,2.642
Infrastructure (α<sub>G</sub>),alphaG,0.054,81,2.66
Infrastructure (α<sub>G</sub>),alphaG,0.054,82,2.678
Infrastructure (α<sub>G</sub>),alphaG,0.054,83,2.695
Infrastructure (α<sub>G</sub>),alphaG,0.054,84,2.713
Infrastructure (α<sub>G</sub>),alphaG,0.054,85,2.73
Infrastructure (α<sub>G</sub>),alphaG,0.054,86,2.747
Infrastructure (α<sub>G</sub>),alphaG,0.054,87,2.764
Infrastructure (α<sub>G</sub>),alphaG,0.054,88,2.78
Infrastructure (α<sub>G</sub>),alphaG,0.054,89,2.796
Infrastructure (α<sub>G</sub>),alphaG,0.054,90,2.812
Infrastructure (α<sub>G</sub>),alphaG,0.054,91,2.828
Infrastructure (α<sub>G</sub>),alphaG,0.054,92,2.844
Infrastructure (α<sub>G</sub>),alphaG,0.054,93,2.859
Infrastructure (α<sub>G</sub>),alphaG,0.054,94,2.875
Infrastructure (α<sub>G</sub>),alphaG,0.054,95,2.89
Infrastructure (α<sub>G</sub>),alphaG,0.054,96,2.904
Infrastructure (α<sub>G</sub>),alphaG,0.054,97,2.919
Infrastructure (α<sub>G</sub>),alphaG,0.054,98,2.934
Infrastructure (α<sub>G</sub>),alphaG,0.054,99,2.948
Infrastructure (α<sub>G</sub>),alphaG,0.054,100,2.962
Infrastructure (α<sub>G</sub>),alphaG,0.075,1,0.61
Infrastructure (α<sub>G</sub>),alphaG,0.075,2,-0.018
Infrastructure (α<sub>G</sub>),alphaG,0.075,3,0.085
Infrastructure (α<sub>G</sub>),alphaG,0.075,4,0.172
Infrastructure (α<sub>G</sub>),alphaG,0.075,5,0.252
Infrastructure (α<sub>G</sub>),alphaG,0.075,6,0.328
Infrastructure (α<sub>G</sub>),alphaG,0.075,7,0.402
Infrastructure (α<sub>G</sub>),alphaG,0.075,8,0.475
Infrastructure (α<sub>G</sub>),alphaG,0.075,9,0.545
Infrastructure (α<sub>G</sub>),alphaG,0.075,10,0.614
Infrastructure (α<sub>G</sub>),alphaG,0.075,11,0.681
Infrastructure (α<sub>G</sub>),alphaG,0.075,12,0.747
Infrastructure (α<sub>G</sub>),alphaG,0.075,13,0.812
Infrastructure (α<sub>G</sub>),alphaG,0.075,14,0.875
Infrastructure (α<sub>G</sub>),alphaG,0.075,15,0.937
Infrastructure (α<sub>G</sub>),alphaG,0.075,16,0.997
Infrastructure (α<sub>G</sub>),alphaG,0.075,17,1.057
Infrastructure (α<sub>G</sub>),alphaG,0.075,18,1.115
Infrastructure (α<sub>G</sub>),alphaG,0.075,19,1.173
Infrastructure (α<sub>G</sub>),alphaG,0.075,20,1.229
Infrastructure (α<sub>G</sub>),alphaG,0.075,21,1.285
Infrastructure (α<sub>G</sub>),alphaG,0.075,22,1.339
Infrastructure (α<sub>G</sub>),alphaG,0.075,23,1.393
Infrastructure (α<sub>G</sub>),alphaG,0.075,24,1.446
Infrastructure (α<sub>G</sub>),alphaG,0.075,25,1.498
Infrastructure (α<sub>G</sub>),alphaG,0.075,26,1.549
Infrastructure (α<sub>G</sub>),alphaG,0.075,27,1.599
Infrastructure (α<sub>G</sub>),alphaG,0.075,28,1.649
Infrastructure (α<sub>G</sub>),alphaG,0.075,29,1.697
Infrastructure (α<sub>G</sub>),alphaG,0.075,30,1.745
Infrastructure (α<sub>G</sub>),alphaG,0.075,31,1.793
Infrastructure (α<sub>G</sub>),alphaG,0.075,32,1.839
Infrastructure (α<sub>G</sub>),alphaG,0.075,33,1.885
Infrastructure (α<sub>G</sub>),alphaG,0.075,34,1.931
Infrastructure (α<sub>G</sub>),alphaG,0.075,35,1.976
Infrastructure (α<sub>G</sub>),alphaG,0.075,36,2.02
Infrastructure (α<sub>G</sub>),alphaG,0.075,37,2.063
Infrastructure (α<sub>G</sub>),alphaG,0.075,38,2.106
Infrastructure (α<sub>G</sub>),alphaG,0.075,39,2.148
Infrastructure (α<sub>G</sub>),alphaG,0.075,40,2.19
Infrastructure (α<sub>G</sub>),alphaG,0.075,41,2.231
Infrastructure (α<sub>G</sub>),alphaG,0.075,42,2.272
Infrastructure (α<sub>G</sub>),alphaG,0.075,43,2.312
Infrastructure (α<sub>G</sub>),alphaG,0.075,44,2.351
Infrastructure (α<sub>G</sub>),alphaG,0.075,45,2.39
Infrastructure (α<sub>G</sub>),alphaG,0.075,46,2.429
Infrastructure (α<sub>G</sub>),alphaG,0.075,47,2.467
Infrastructure (α<sub>G</sub>),alphaG,0.075,48,2.504
Infrastructure (α<sub>G</sub>),alphaG,0.075,49,2.541
Infrastructure (α<sub>G</sub>),alphaG,0.075,50,2.578
Infrastructure (α<sub>G</sub>),alphaG,0.075,51,2.614
Infrastructure (α<sub>G</sub>),alphaG,0.075,52,2.649
Infrastructure (α<sub>G</sub>),alphaG,0.075,53,2.684
Infrastructure (α<sub>G</sub>),alphaG,0.075,54,2.719
Infrastructure (α<sub>G</sub>),alphaG,0.075,55,2.753
Infrastructure (α<sub>G</sub>),alphaG,0.075,56,2.787
Infrastructure (α<sub>G</sub>),alphaG,0.075,57,2.82
Infrastructure (α<sub>G</sub>),alphaG,0.075,58,2.853
Infrastructure (α<sub>G</sub>),alphaG,0.075,59,2.886
Infrastructure (α<sub>G</sub>),alphaG,0.075,60,2.918
Infrastructure (α<sub>G</sub>),alphaG,0.075,61,2.949
Infrastructure (α<sub>G</sub>),alphaG,0.075,62,2.98
Infrastructure (α<sub>G</sub>),alphaG,0.075,63,3.011
Infrastructure (α<sub>G</sub>),alphaG,0.075,64,3.042
Infrastructure (α<sub>G</sub>),alphaG,0.075,65,3.072
Infrastructure (α<sub>G</sub>),alphaG,0.075,66,3.101
Infrastructure (α<sub>G</sub>),alphaG,0.075,67,3.131
Infrastructure (α<sub>G</sub>),alphaG,0.075,68,3.16
Infrastructure (α<sub>G</sub>),alphaG,0.075,69,3.188
Infrastructure (α<sub>G</sub>),alphaG,0.075,70,3.216
Infrastructure (α<sub>G</sub>),alphaG,0.075,71,3.244
Infrastructure (α<sub>G</sub>),alphaG,0.075,72,3.271
Infrastructure (α<sub>G</sub>),alphaG,0.075,73,3.298
Infrastructure (α<sub>G</sub>),alphaG,0.075,74,3.325
Infrastructure (α<sub>G</sub>),alphaG,0.075,75,3.352
Infrastructure (α<sub>G</sub>),alphaG,0.075,76,3.378
Infrastructure (α<sub>G</sub>),alphaG,0.075,77,3.403
Infrastructure (α<sub>G</sub>),alphaG,0.075,78,3.429
Infrastructure (α<sub>G</sub>),alphaG,0.075,79,3.454
Infrastructure (α<sub>G</sub>),alphaG,0.075,80,3.478
Infrastructure (α<sub>G</sub>),alphaG,0.075,81,3.503
Infrastructure (α<sub>G</sub>),alphaG,0.075,82,3.527
Infrastructure (α<sub>G</sub>),alphaG,0.075,83,3.551
Infrastructure (α<sub>G</sub>),alphaG,0.075,84,3.574
Infrastructure (α<sub>G</sub>),alphaG,0.075,85,3.597
Infrastructure (α<sub>G</sub>),alphaG,0.075,86,3.62
Infrastructure (α<sub>G</sub>),alphaG,0.075,87,3.643
Infrastructure (α<sub>G</sub>),alphaG,0.075,88,3.665
Infrastructure (α<sub>G</sub>),alphaG,0.075,89,3.687
Infrastructure (α<sub>G</sub>),alphaG,0.075,90,3.708
Infrastructure (α<sub>G</sub>),alphaG,0.075,91,3.73
Infrastructure (α<sub>G</sub>),alphaG,0.075,92,3.751
Infrastructure (α<sub>G</sub>),alphaG,0.075,93,3.772
Infrastructure (α<sub>G</sub>),alphaG,0.075,94,3.792
Infrastructure (α<sub>G</sub>),alphaG,0.075,95,3.812
Infrastructure (α<sub>G</sub>),alphaG,0.075,96,3.832
Infrastructure (α<sub>G</sub>),alphaG,0.075,97,3.852
Infrastructure (α<sub>G</sub>),alphaG,0.075,98,3.872
Infrastructure (α<sub>G</sub>),alphaG,0.075,99,3.891
Infrastructure (α<sub>G</sub>),alphaG,0.075,100,3.91
Infrastructure (α<sub>G</sub>),alphaG,0.1,1,0.682
Infrastructure (α<sub>G</sub>),alphaG,0.1,2,-0.095
Infrastructure (α<sub>G</sub>),alphaG,0.1,3,0.038
Infrastructure (α<sub>G</sub>),alphaG,0.1,4,0.15
Infrastructure (α<sub>G</sub>),alphaG,0.1,5,0.255
Infrastructure (α<sub>G</sub>),alphaG,0.1,6,0.355
Infrastructure (α<sub>G</sub>),alphaG,0.1,7,0.452
Infrastructure (α<sub>G</sub>),alphaG,0.1,8,0.547
Infrastructure (α<sub>G</sub>),alphaG,0.1,9,0.639
Infrastructure (α<sub>G</sub>),alphaG,0.1,10,0.729
Infrastructure (α<sub>G</sub>),alphaG,0.1,11,0.817
Infrastructure (α<sub>G</sub>),alphaG,0.1,12,0.903
Infrastructure (α<sub>G</sub>),alphaG,0.1,13,0.988
Infrastructure (α<sub>G</sub>),alphaG,0.1,14,1.07
Infrastructure (α<sub>G</sub>),alphaG,0.1,15,1.151
Infrastructure (α<sub>G</sub>),alphaG,0.1,16,1.231
Infrastructure (α<sub>G</sub>),alphaG,0.1,17,1.309
Infrastructure (α<sub>G</sub>),alphaG,0.1,18,1.385
Infrastructure (α<sub>G</sub>),alphaG,0.1,19,1.461
Infrastructure (α<sub>G</sub>),alphaG,0.1,20,1.535
Infrastructure (α<sub>G</sub>),alphaG,0.1,21,1.607
Infrastructure (α<sub>G</sub>),alphaG,0.1,22,1.679
Infrastructure (α<sub>G</sub>),alphaG,0.1,23,1.749
Infrastructure (α<sub>G</sub>),alphaG,0.1,24,1.818
Infrastructure (α<sub>G</sub>),alphaG,0.1,25,1.886
Infrastructure (α<sub>G</sub>),alphaG,0.1,26,1.953
Infrastructure (α<sub>G</sub>),alphaG,0.1,27,2.019
Infrastructure (α<sub>G</sub>),alphaG,0.1,28,2.084
Infrastructure (α<sub>G</sub>),alphaG,0.1,29,2.148
Infrastructure (α<sub>G</sub>),alphaG,0.1,30,2.211
Infrastructure (α<sub>G</sub>),alphaG,0.1,31,2.273
Infrastructure (α<sub>G</sub>),alphaG,0.1,32,2.334
Infrastructure (α<sub>G</sub>),alphaG,0.1,33,2.394
Infrastructure (α<sub>G</sub>),alphaG,0.1,34,2.454
Infrastructure (α<sub>G</sub>),alphaG,0.1,35,2.512
Infrastructure (α<sub>G</sub>),alphaG,0.1,36,2.57
Infrastructure (α<sub>G</sub>),alphaG,0.1,37,2.627
Infrastructure (α<sub>G</sub>),alphaG,0.1,38,2.684
Infrastructure (α<sub>G</sub>),alphaG,0.1,39,2.739
Infrastructure (α<sub>G</sub>),alphaG,0.1,40,2.794
Infrastructure (α<sub>G</sub>),alphaG,0.1,41,2.848
Infrastructure (α<sub>G</sub>),alphaG,0.1,42,2.901
Infrastructure (α<sub>G</sub>),alphaG,0.1,43,2.954
Infrastructure (α<sub>G</sub>),alphaG,0.1,44,3.006
Infrastructure (α<sub>G</sub>),alphaG,0.1,45,3.057
Infrastructure (α<sub>G</sub>),alphaG,0.1,46,3.107
Infrastructure (α<sub>G</sub>),alphaG,0.1,47,3.157
Infrastructure (α<sub>G</sub>),alphaG,0.1,48,3.206
Infrastructure (α<sub>G</sub>),alphaG,0.1,49,3.255
Infrastructure (α<sub>G</sub>),alphaG,0.1,50,3.303
Infrastructure (α<sub>G</sub>),alphaG,0.1,51,3.35
Infrastructure (α<sub>G</sub>),alphaG,0.1,52,3.397
Infrastructure (α<sub>G</sub>),alphaG,0.1,53,3.443
Infrastructure (α<sub>G</sub>),alphaG,0.1,54,3.489
Infrastructure (α<sub>G</sub>),alphaG,0.1,55,3.533
Infrastructure (α<sub>G</sub>),alphaG,0.1,56,3.578
Infrastructure (α<sub>G</sub>),alphaG,0.1,57,3.622
Infrastructure (α<sub>G</sub>),alphaG,0.1,58,3.665
Infrastructure (α<sub>G</sub>),alphaG,0.1,59,3.708
Infrastructure (α<sub>G</sub>),alphaG,0.1,60,3.75
Infrastructure (α<sub>G</sub>),alphaG,0.1,61,3.791
Infrastructure (α<sub>G</sub>),alphaG,0.1,62,3.832
Infrastructure (α<sub>G</sub>),alphaG,0.1,63,3.873
Infrastructure (α<sub>G</sub>),alphaG,0.1,64,3.913
Infrastructure (α<sub>G</sub>),alphaG,0.1,65,3.952
Infrastructure (α<sub>G</sub>),alphaG,0.1,66,3.991
Infrastructure (α<sub>G</sub>),alphaG,0.1,67,4.03
Infrastructure (α<sub>G</sub>),alphaG,0.1,68,4.068
Infrastructure (α<sub>G</sub>),alphaG,0.1,69,4.105
Infrastructure (α<sub>G</sub>),alphaG,0.1,70,4.142
Infrastructure (α<sub>G</sub>),alphaG,0.1,71,4.179
Infrastructure (α<sub>G</sub>),alphaG,0.1,72,4.215
Infrastructure (α<sub>G</sub>),alphaG,0.1,73,4.25
Infrastructure (α<sub>G</sub>),alphaG,0.1,74,4.286
Infrastructure (α<sub>G</sub>),alphaG,0.1,75,4.32
Infrastructure (α<sub>G</sub>),alphaG,0.1,76,4.354
Infrastructure (α<sub>G</sub>),alphaG,0.1,77,4.388
Infrastructure (α<sub>G</sub>),alphaG,0.1,78,4.422
Infrastructure (α<sub>G</sub>),alphaG,0.1,79,4.455
Infrastructure (α<sub>G</sub>),alphaG,0.1,80,4.487
Infrastructure (α<sub>G</sub>),alphaG,0.1,81,4.519
Infrastructure (α<sub>G</sub>),alphaG,0.1,82,4.551
Infrastructure (α<sub>G</sub>),alphaG,0.1,83,4.582
Infrastructure (α<sub>G</sub>),alphaG,0.1,84,4.613
Infrastructure (α<sub>G</sub>),alphaG,0.1,85,4.643
Infrastructure (α<sub>G</sub>),alphaG,0.1,86,4.673
Infrastructure (α<sub>G</sub>),alphaG,0.1,87,4.703
Infrastructure (α<sub>G</sub>),alphaG,0.1,88,4.732
Infrastructure (α<sub>G</sub>),alphaG,0.1,89,4.761
Infrastructure (α<sub>G</sub>),alphaG,0.1,90,4.789
Infrastructure (α<sub>G</sub>),alphaG,0.1,91,4.817
Infrastructure (α<sub>G</sub>),alphaG,0.1,92,4.845
Infrastructure (α<sub>G</sub>),alphaG,0.1,93,4.872
Infrastructure (α<sub>G</sub>),alphaG,0.1,94,4.899
Infrastructure (α<sub>G</sub>),alphaG,0.1,95,4.926
Infrastructure (α<sub>G</sub>),alphaG,0.1,96,4.952
Infrastructure (α<sub>G</sub>),alphaG,0.1,97,4.978
Infrastructure (α<sub>G</sub>),alphaG,0.1,98,5.003
Infrastructure (α<sub>G</sub>),alphaG,0.1,99,5.029
Infrastructure (α<sub>G</sub>),alphaG,0.1,100,5.054
Infrastructure (α<sub>G</sub>),alphaG,0.122,1,0.747
Infrastructure (α<sub>G</sub>),alphaG,0.122,2,-0.161
Infrastructure (α<sub>G</sub>),alphaG,0.122,3,-0.004
Infrastructure (α<sub>G</sub>),alphaG,0.122,4,0.131
Infrastructure (α<sub>G</sub>),alphaG,0.122,5,0.257
Infrastructure (α<sub>G</sub>),alphaG,0.122,6,0.378
Infrastructure (α<sub>G</sub>),alphaG,0.122,7,0.496
Infrastructure (α<sub>G</sub>),alphaG,0.122,8,0.61
Infrastructure (α<sub>G</sub>),alphaG,0.122,9,0.721
Infrastructure (α<sub>G</sub>),alphaG,0.122,10,0.83
Infrastructure (α<sub>G</sub>),alphaG,0.122,11,0.937
Infrastructure (α<sub>G</sub>),alphaG,0.122,12,1.041
Infrastructure (α<sub>G</sub>),alphaG,0.122,13,1.143
Infrastructure (α<sub>G</sub>),alphaG,0.122,14,1.243
Infrastructure (α<sub>G</sub>),alphaG,0.122,15,1.341
Infrastructure (α<sub>G</sub>),alphaG,0.122,16,1.437
Infrastructure (α<sub>G</sub>),alphaG,0.122,17,1.531
Infrastructure (α<sub>G</sub>),alphaG,0.122,18,1.624
Infrastructure (α<sub>G</sub>),alphaG,0.122,19,1.715
Infrastructure (α<sub>G</sub>),alphaG,0.122,20,1.804
Infrastructure (α<sub>G</sub>),alphaG,0.122,21,1.892
Infrastructure (α<sub>G</sub>),alphaG,0.122,22,1.978
Infrastructure (α<sub>G</sub>),alphaG,0.122,23,2.063
Infrastructure (α<sub>G</sub>),alphaG,0.122,24,2.147
Infrastructure (α<sub>G</sub>),alphaG,0.122,25,2.229
Infrastructure (α<sub>G</sub>),alphaG,0.122,26,2.31
Infrastructure (α<sub>G</sub>),alphaG,0.122,27,2.39
Infrastructure (α<sub>G</sub>),alphaG,0.122,28,2.469
Infrastructure (α<sub>G</sub>),alphaG,0.122,29,2.546
Infrastructure (α<sub>G</sub>),alphaG,0.122,30,2.623
Infrastructure (α<sub>G</sub>),alphaG,0.122,31,2.698
Infrastructure (α<sub>G</sub>),alphaG,0.122,32,2.772
Infrastructure (α<sub>G</sub>),alphaG,0.122,33,2.845
Infrastructure (α<sub>G</sub>),alphaG,0.122,34,2.917
Infrastructure (α<sub>G</sub>),alphaG,0.122,35,2.988
Infrastructure (α<sub>G</sub>),alphaG,0.122,36,3.058
Infrastructure (α<sub>G</sub>),alphaG,0.122,37,3.127
Infrastructure (α<sub>G</sub>),alphaG,0.122,38,3.196
Infrastructure (α<sub>G</sub>),alphaG,0.122,39,3.263
Infrastructure (α<sub>G</sub>),alphaG,0.122,40,3.329
Infrastructure (α<sub>G</sub>),alphaG,0.122,41,3.395
Infrastructure (α<sub>G</sub>),alphaG,0.122,42,3.459
Infrastructure (α<sub>G</sub>),alphaG,0.122,43,3.523
Infrastructure (α<sub>G</sub>),alphaG,0.122,44,3.586
Infrastructure (α<sub>G</sub>),alphaG,0.122,45,3.648
Infrastructure (α<sub>G</sub>),alphaG,0.122,46,3.71
Infrastructure (α<sub>G</sub>),alphaG,0.122,47,3.77
Infrastructure (α<sub>G</sub>),alphaG,0.122,48,3.83
Infrastructure (α<sub>G</sub>),alphaG,0.122,49,3.889
Infrastructure (α<sub>G</sub>),alphaG,0.122,50,3.947
Infrastructure (α<sub>G</sub>),alphaG,0.122,51,4.005
Infrastructure (α<sub>G</sub>),alphaG,0.122,52,4.061
Infrastructure (α<sub>G</sub>),alphaG,0.122,53,4.117
Infrastructure (α<sub>G</sub>),alphaG,0.122,54,4.173
Infrastructure (α<sub>G</sub>),alphaG,0.122,55,4.227
Infrastructure (α<sub>G</sub>),alphaG,0.122,56,4.281
Infrastructure (α<sub>G</sub>),alphaG,0.122,57,4.334
Infrastructure (α<sub>G</sub>),alphaG,0.122,58,4.387
Infrastructure (α<sub>G</sub>),alphaG,0.122,59,4.439
Infrastructure (α<sub>G</sub>),alphaG,0.122,60,4.49
Infrastructure (α<sub>G</sub>),alphaG,0.122,61,4.541
Infrastructure (α<sub>G</sub>),alphaG,0.122,62,4.59
Infrastructure (α<sub>G</sub>),alphaG,0.122,63,4.64
Infrastructure (α<sub>G</sub>),alphaG,0.122,64,4.688
Infrastructure (α<sub>G</sub>),alphaG,0.122,65,4.736
Infrastructure (α<sub>G</sub>),alphaG,0.122,66,4.784
Infrastructure (α<sub>G</sub>),alphaG,0.122,67,4.83
Infrastructure (α<sub>G</sub>),alphaG,0.122,68,4.877
Infrastructure (α<sub>G</sub>),alphaG,0.122,69,4.922
Infrastructure (α<sub>G</sub>),alphaG,0.122,70,4.967
Infrastructure (α<sub>G</sub>),alphaG,0.122,71,5.012
Infrastructure (α<sub>G</sub>),alphaG,0.122,72,5.055
Infrastructure (α<sub>G</sub>),alphaG,0.122,73,5.099
Infrastructure (α<sub>G</sub>),alphaG,0.122,74,5.141
Infrastructure (α<sub>G</sub>),alphaG,0.122,75,5.183
Infrastructure (α<sub>G</sub>),alphaG,0.122,76,5.225
Infrastructure (α<sub>G</sub>),alphaG,0.122,77,5.266
Infrastructure (α<sub>G</sub>),alphaG,0.122,78,5.307
Infrastructure (α<sub>G</sub>),alphaG,0.122,79,5.347
Infrastructure (α<sub>G</sub>),alphaG,0.122,80,5.386
Infrastructure (α<sub>G</sub>),alphaG,0.122,81,5.425
Infrastructure (α<sub>G</sub>),alphaG,0.122,82,5.464
Infrastructure (α<sub>G</sub>),alphaG,0.122,83,5.501
Infrastructure (α<sub>G</sub>),alphaG,0.122,84,5.539
Infrastructure (α<sub>G</sub>),alphaG,0.122,85,5.576
Infrastructure (α<sub>G</sub>),alphaG,0.122,86,5.612
Infrastructure (α<sub>G</sub>),alphaG,0.122,87,5.648
Infrastructure (α<sub>G</sub>),alphaG,0.122,88,5.684
Infrastructure (α<sub>G</sub>),alphaG,0.122,89,5.719
Infrastructure (α<sub>G</sub>),alphaG,0.122,90,5.753
Infrastructure (α<sub>G</sub>),alphaG,0.122,91,5.787
Infrastructure (α<sub>G</sub>),alphaG,0.122,92,5.821
Infrastructure (α<sub>G</sub>),alphaG,0.122,93,5.854
Infrastructure (α<sub>G</sub>),alphaG,0.122,94,5.887
Infrastructure (α<sub>G</sub>),alphaG,0.122,95,5.919
Infrastructure (α<sub>G</sub>),alphaG,0.122,96,5.951
Infrastructure (α<sub>G</sub>),alphaG,0.122,97,5.982
Infrastructure (α<sub>G</sub>),alphaG,0.122,98,6.013
Infrastructure (α<sub>G</sub>),alphaG,0.122,99,6.044
Infrastructure (α<sub>G</sub>),alphaG,0.122,100,6.074
Infrastructure (α<sub>G</sub>),alphaG,0.15,1,0.831
Infrastructure (α<sub>G</sub>),alphaG,0.15,2,-0.247
Infrastructure (α<sub>G</sub>),alphaG,0.15,3,-0.058
Infrastructure (α<sub>G</sub>),alphaG,0.15,4,0.107
Infrastructure (α<sub>G</sub>),alphaG,0.15,5,0.26
Infrastructure (α<sub>G</sub>),alphaG,0.15,6,0.408
Infrastructure (α<sub>G</sub>),alphaG,0.15,7,0.551
Infrastructure (α<sub>G</sub>),alphaG,0.15,8,0.69
Infrastructure (α<sub>G</sub>),alphaG,0.15,9,0.826
Infrastructure (α<sub>G</sub>),alphaG,0.15,10,0.959
Infrastructure (α<sub>G</sub>),alphaG,0.15,11,1.089
Infrastructure (α<sub>G</sub>),alphaG,0.15,12,1.216
Infrastructure (α<sub>G</sub>),alphaG,0.15,13,1.341
Infrastructure (α<sub>G</sub>),alphaG,0.15,14,1.463
Infrastructure (α<sub>G</sub>),alphaG,0.15,15,1.583
Infrastructure (α<sub>G</sub>),alphaG,0.15,16,1.7
Infrastructure (α<sub>G</sub>),alphaG,0.15,17,1.815
Infrastructure (α<sub>G</sub>),alphaG,0.15,18,1.928
Infrastructure (α<sub>G</sub>),alphaG,0.15,19,2.039
Infrastructure (α<sub>G</sub>),alphaG,0.15,20,2.148
Infrastructure (α<sub>G</sub>),alphaG,0.15,21,2.256
Infrastructure (α<sub>G</sub>),alphaG,0.15,22,2.362
Infrastructure (α<sub>G</sub>),alphaG,0.15,23,2.465
Infrastructure (α<sub>G</sub>),alphaG,0.15,24,2.568
Infrastructure (α<sub>G</sub>),alphaG,0.15,25,2.668
Infrastructure (α<sub>G</sub>),alphaG,0.15,26,2.768
Infrastructure (α<sub>G</sub>),alphaG,0.15,27,2.865
Infrastructure (α<sub>G</sub>),alphaG,0.15,28,2.962
Infrastructure (α<sub>G</sub>),alphaG,0.15,29,3.056
Infrastructure (α<sub>G</sub>),alphaG,0.15,30,3.15
Infrastructure (α<sub>G</sub>),alphaG,0.15,31,3.242
Infrastructure (α<sub>G</sub>),alphaG,0.15,32,3.333
Infrastructure (α<sub>G</sub>),alphaG,0.15,33,3.423
Infrastructure (α<sub>G</sub>),alphaG,0.15,34,3.511
Infrastructure (α<sub>G</sub>),alphaG,0.15,35,3.598
Infrastructure (α<sub>G</sub>),alphaG,0.15,36,3.684
Infrastructure (α<sub>G</sub>),alphaG,0.15,37,3.769
Infrastructure (α<sub>G</sub>),alphaG,0.15,38,3.853
Infrastructure (α<sub>G</sub>),alphaG,0.15,39,3.935
Infrastructure (α<sub>G</sub>),alphaG,0.15,40,4.017
Infrastructure (α<sub>G</sub>),alphaG,0.15,41,4.097
Infrastructure (α<sub>G</sub>),alphaG,0.15,42,4.176
Infrastructure (α<sub>G</sub>),alphaG,0.15,43,4.255
Infrastructure (α<sub>G</sub>),alphaG,0.15,44,4.332
Infrastructure (α<sub>G</sub>),alphaG,0.15,45,4.408
Infrastructure (α<sub>G</sub>),alphaG,0.15,46,4.484
Infrastructure (α<sub>G</sub>),alphaG,0.15,47,4.558
Infrastructure (α<sub>G</sub>),alphaG,0.15,48,4.632
Infrastructure (α<sub>G</sub>),alphaG,0.15,49,4.704
Infrastructure (α<sub>G</sub>),alphaG,0.15,50,4.776
Infrastructure (α<sub>G</sub>),alphaG,0.15,51,4.846
Infrastructure (α<sub>G</sub>),alphaG,0.15,52,4.916
Infrastructure (α<sub>G</sub>),alphaG,0.15,53,4.985
Infrastructure (α<sub>G</sub>),alphaG,0.15,54,5.053
Infrastructure (α<sub>G</sub>),alphaG,0.15,55,5.12
Infrastructure (α<sub>G</sub>),alphaG,0.15,56,5.186
Infrastructure (α<sub>G</sub>),alphaG,0.15,57,5.252
Infrastructure (α<sub>G</sub>),alphaG,0.15,58,5.317
Infrastructure (α<sub>G</sub>),alphaG,0.15,59,5.38
Infrastructure (α<sub>G</sub>),alphaG,0.15,60,5.443
Infrastructure (α<sub>G</sub>),alphaG,0.15,61,5.505
Infrastructure (α<sub>G</sub>),alphaG,0.15,62,5.567
Infrastructure (α<sub>G</sub>),alphaG,0.15,63,5.627
Infrastructure (α<sub>G</sub>),alphaG,0.15,64,5.687
Infrastructure (α<sub>G</sub>),alphaG,0.15,65,5.746
Infrastructure (α<sub>G</sub>),alphaG,0.15,66,5.805
Infrastructure (α<sub>G</sub>),alphaG,0.15,67,5.862
Infrastructure (α<sub>G</sub>),alphaG,0.15,68,5.919
Infrastructure (α<sub>G</sub>),alphaG,0.15,69,5.975
Infrastructure (α<sub>G</sub>),alphaG,0.15,70,6.031
Infrastructure (α<sub>G</sub>),alphaG,0.15,71,6.085
Infrastructure (α<sub>G</sub>),alphaG,0.15,72,6.139
Infrastructure (α<sub>G</sub>),alphaG,0.15,73,6.192
Infrastructure (α<sub>G</sub>),alphaG,0.15,74,6.245
Infrastructure (α<sub>G</sub>),alphaG,0.15,75,6.297
Infrastructure (α<sub>G</sub>),alphaG,0.15,76,6.348
Infrastructure (α<sub>G</sub>),alphaG,0.15,77,6.399
Infrastructure (α<sub>G</sub>),alphaG,0.15,78,6.449
Infrastructure (α<sub>G</sub>),alphaG,0.15,79,6.498
Infrastructure (α<sub>G</sub>),alphaG,0.15,80,6.546
Infrastructure (α<sub>G</sub>),alphaG,0.15,81,6.594
Infrastructure (α<sub>G</sub>),alphaG,0.15,82,6.642
Infrastructure (α<sub>G</sub>),alphaG,0.15,83,6.688
Infrastructure (α<sub>G</sub>),alphaG,0.15,84,6.734
Infrastructure (α<sub>G</sub>),alphaG,0.15,85,6.78
Infrastructure (α<sub>G</sub>),alphaG,0.15,86,6.825
Infrastructure (α<sub>G</sub>),alphaG,0.15,87,6.869
Infrastructure (α<sub>G</sub>),alphaG,0.15,88,6.912
Infrastructure (α<sub>G</sub>),alphaG,0.15,89,6.956
Infrastructure (α<sub>G</sub>),alphaG,0.15,90,6.998
Infrastructure (α<sub>G</sub>),alphaG,0.15,91,7.04
Infrastructure (α<sub>G</sub>),alphaG,0.15,92,7.081
Infrastructure (α<sub>G</sub>),alphaG,0.15,93,7.122
Infrastructure (α<sub>G</sub>),alphaG,0.15,94,7.162
Infrastructure (α<sub>G</sub>),alphaG,0.15,95,7.202
Infrastructure (α<sub>G</sub>),alphaG,0.15,96,7.241
Infrastructure (α<sub>G</sub>),alphaG,0.15,97,7.28
Infrastructure (α<sub>G</sub>),alphaG,0.15,98,7.318
Infrastructure (α<sub>G</sub>),alphaG,0.15,99,7.355
Infrastructure (α<sub>G</sub>),alphaG,0.15,100,7.392
Human Capital (μ),mu,0.05,1,0.945
Human Capital (μ),mu,0.05,2,0.505
Human Capital (μ),mu,0.05,3,0.483
Human Capital (μ),mu,0.05,4,0.45
Human Capital (μ),mu,0.05,5,0.417
Human Capital (μ),mu,0.05,6,0.387
Human Capital (μ),mu,0.05,7,0.36
Human Capital (μ),mu,0.05,8,0.337
Human Capital (μ),mu,0.05,9,0.317
Human Capital (μ),mu,0.05,10,0.301
Human Capital (μ),mu,0.05,11,0.287
Human Capital (μ),mu,0.05,12,0.277
Human Capital (μ),mu,0.05,13,0.269
Human Capital (μ),mu,0.05,14,0.263
Human Capital (μ),mu,0.05,15,0.26
Human Capital (μ),mu,0.05,16,0.26
Human Capital (μ),mu,0.05,17,0.261
Human Capital (μ),mu,0.05,18,0.265
Human Capital (μ),mu,0.05,19,0.27
Human Capital (μ),mu,0.05,20,0.277
Human Capital (μ),mu,0.05,21,0.286
Human Capital (μ),mu,0.05,22,0.296
Human Capital (μ),mu,0.05,23,0.308
Human Capital (μ),mu,0.05,24,0.322
Human Capital (μ),mu,0.05,25,0.337
Human Capital (μ),mu,0.05,26,0.353
Human Capital (μ),mu,0.05,27,0.37
Human Capital (μ),mu,0.05,28,0.389
Human Capital (μ),mu,0.05,29,0.409
Human Capital (μ),mu,0.05,30,0.429
Human Capital (μ),mu,0.05,31,0.451
Human Capital (μ),mu,0.05,32,0.474
Human Capital (μ),mu,0.05,33,0.497
Human Capital (μ),mu,0.05,34,0.522
Human Capital (μ),mu,0.05,35,0.547
Human Capital (μ),mu,0.05,36,0.573
Human Capital (μ),mu,0.05,37,0.6
Human Capital (μ),mu,0.05,38,0.627
Human Capital (μ),mu,0.05,39,0.655
Human Capital (μ),mu,0.05,40,0.683
Human Capital (μ),mu,0.05,41,0.713
Human Capital (μ),mu,0.05,42,0.742
Human Capital (μ),mu,0.05,43,0.772
Human Capital (μ),mu,0.05,44,0.803
Human Capital (μ),mu,0.05,45,0.834
Human Capital (μ),mu,0.05,46,0.865
Human Capital (μ),mu,0.05,47,0.897
Human Capital (μ),mu,0.05,48,0.929
Human Capital (μ),mu,0.05,49,0.962
Human Capital (μ),mu,0.05,50,0.995
Human Capital (μ),mu,0.05,51,1.028
Human Capital (μ),mu,0.05,52,1.061
Human Capital (μ),mu,0.05,53,1.094
Human Capital (μ),mu,0.05,54,1.128
Human Capital (μ),mu,0.05,55,1.162
Human Capital (μ),mu,0.05,56,1.196
Human Capital (μ),mu,0.05,57,1.23
Human Capital (μ),mu,0.05,58,1.265
Human Capital (μ),mu,0.05,59,1.299
Human Capital (μ),mu,0.05,60,1.334
Human Capital (μ),mu,0.05,61,1.369
Human Capital (μ),mu,0.05,62,1.403
Human Capital (μ),mu,0.05,63,1.438
Human Capital (μ),mu,0.05,64,1.473
Human Capital (μ),mu,0.05,65,1.508
Human Capital (μ),mu,0.05,66,1.543
Human Capital (μ),mu,0.05,67,1.578
Human Capital (μ),mu,0.05,68,1.612
Human Capital (μ),mu,0.05,69,1.647
Human Capital (μ),mu,0.05,70,1.682
Human Capital (μ),mu,0.05,71,1.717
Human Capital (μ),mu,0.05,72,1.752
Human Capital (μ),mu,0.05,73,1.786
Human Capital (μ),mu,0.05,74,1.821
Human Capital (μ),mu,0.05,75,1.855
Human Capital (μ),mu,0.05,76,1.89
Human Capital (μ),mu,0.05,77,1.924
Human Capital (μ),mu,0.05,78,1.958
Human Capital (μ),mu,0.05,79,1.992
Human Capital (μ),mu,0.05,80,2.026
Human Capital (μ),mu,0.05,81,2.06
Human Capital (μ),mu,0.05,82,2.094
Human Capital (μ),mu,0.05,83,2.127
Human Capital (μ),mu,0.05,84,2.161
Human Capital (μ),mu,0.05,85,2.194
Human Capital (μ),mu,0.05,86,2.227
Human Capital (μ),mu,0.05,87,2.26
Human Capital (μ),mu,0.05,88,2.293
Human Capital (μ),mu,0.05,89,2.325
Human Capital (μ),mu,0.05,90,2.358
Human Capital (μ),mu,0.05,91,2.39
Human Capital (μ),mu,0.05,92,2.422
Human Capital (μ),mu,0.05,93,2.454
Human Capital (μ),mu,0.05,94,2.485
Human Capital (μ),mu,0.05,95,2.517
Human Capital (μ),mu,0.05,96,2.548
Human Capital (μ),mu,0.05,97,2.579
Human Capital (μ),mu,0.05,98,2.61
Human Capital (μ),mu,0.05,99,2.641
Human Capital (μ),mu,0.05,100,2.671
Human Capital (μ),mu,0.1,1,1.475
Human Capital (μ),mu,0.1,2,0.792
Human Capital (μ),mu,0.1,3,0.733
Human Capital (μ),mu,0.1,4,0.659
Human Capital (μ),mu,0.1,5,0.587
Human Capital (μ),mu,0.1,6,0.521
Human Capital (μ),mu,0.1,7,0.462
Human Capital (μ),mu,0.1,8,0.411
Human Capital (μ),mu,0.1,9,0.366
Human Capital (μ),mu,0.1,10,0.328
Human Capital (μ),mu,0.1,11,0.296
Human Capital (μ),mu,0.1,12,0.27
Human Capital (μ),mu,0.1,13,0.249
Human Capital (μ),mu,0.1,14,0.234
Human Capital (μ),mu,0.1,15,0.223
Human Capital (μ),mu,0.1,16,0.217
Human Capital (μ),mu,0.1,17,0.215
Human Capital (μ),mu,0.1,18,0.217
Human Capital (μ),mu,0.1,19,0.223
Human Capital (μ),mu,0.1,20,0.233
Human Capital (μ),mu,0.1,21,0.246
Human Capital (μ),mu,0.1,22,0.263
Human Capital (μ),mu,0.1,23,0.283
Human Capital (μ),mu,0.1,24,0.305
Human Capital (μ),mu,0.1,25,0.331
Human Capital (μ),mu,0.1,26,0.359
Human Capital (μ),mu,0.1,27,0.39
Human Capital (μ),mu,0.1,28,0.423
Human Capital (μ),mu,0.1,29,0.458
Human Capital (μ),mu,0.1,30,0.496
Human Capital (μ),mu,0.1,31,0.536
Human Capital (μ),mu,0.1,32,0.577
Human Capital (μ),mu,0.1,33,0.62
Human Capital (μ),mu,0.1,34,0.666
Human Capital (μ),mu,0.1,35,0.712
Human Capital (μ),mu,0.1,36,0.761
Human Capital (μ),mu,0.1,37,0.81
Human Capital (μ),mu,0.1,38,0.862
Human Capital (μ),mu,0.1,39,0.914
Human Capital (μ),mu,0.1,40,0.968
Human Capital (μ),mu,0.1,41,1.023
Human Capital (μ),mu,0.1,42,1.079
Human Capital (μ),mu,0.1,43,1.136
Human Capital (μ),mu,0.1,44,1.194
Human Capital (μ),mu,0.1,45,1.253
Human Capital (μ),mu,0.1,46,1.313
Human Capital (μ),mu,0.1,47,1.373
Human Capital (μ),mu,0.1,48,1.435
Human Capital (μ),mu,0.1,49,1.497
Human Capital (μ),mu,0.1,50,1.559
Human Capital (μ),mu,0.1,51,1.623
Human Capital (μ),mu,0.1,52,1.687
Human Capital (μ),mu,0.1,53,1.751
Human Capital (μ),mu,0.1,54,1.816
Human Capital (μ),mu,0.1,55,1.881
Human Capital (μ),mu,0.1,56,1.947
Human Capital (μ),mu,0.1,57,2.013
Human Capital (μ),mu,0.1,58,2.08
Human Capital (μ),mu,0.1,59,2.146
Human Capital (μ),mu,0.1,60,2.213
Human Capital (μ),mu,0.1,61,2.28
Human Capital (μ),mu,0.1,62,2.348
Human Capital (μ),mu,0.1,63,2.415
Human Capital (μ),mu,0.1,64,2.483
Human Capital (μ),mu,0.1,65,2.551
Human Capital (μ),mu,0.1,66,2.619
Human Capital (μ),mu,0.1,67,2.687
Human Capital (μ),mu,0.1,68,2.755
Human Capital (μ),mu,0.1,69,2.823
Human Capital (μ),mu,0.1,70,2.891
Human Capital (μ),mu,0.1,71,2.959
Human Capital (μ),mu,0.1,72,3.027
Human Capital (μ),mu,0.1,73,3.095
Human Capital (μ),mu,0.1,74,3.163
Human Capital (μ),mu,0.1,75,3.23
Human Capital (μ),mu,0.1,76,3.298
Human Capital (μ),mu,0.1,77,3.365
Human Capital (μ),mu,0.1,78,3.433
Human Capital (μ),mu,0.1,79,3.5
Human Capital (μ),mu,0.1,80,3.567
Human Capital (μ),mu,0.1,81,3.633
Human Capital (μ),mu,0.1,82,3.7
Human Capital (μ),mu,0.1,83,3.766
Human Capital (μ),mu,0.1,84,3.832
Human Capital (μ),mu,0.1,85,3.898
Human Capital (μ),mu,0.1,86,3.963
Human Capital (μ),mu,0.1,87,4.029
Human Capital (μ),mu,0.1,88,4.094
Human Capital (μ),mu,0.1,89,4.158
Human Capital (μ),mu,0.1,90,4.223
Human Capital (μ),mu,0.1,91,4.286
Human Capital (μ),mu,0.1,92,4.35
Human Capital (μ),mu,0.1,93,4.413
Human Capital (μ),mu,0.1,94,4.476
Human Capital (μ),mu,0.1,95,4.539
Human Capital (μ),mu,0.1,96,4.601
Human Capital (μ),mu,0.1,97,4.663
Human Capital (μ),mu,0.1,98,4.724
Human Capital (μ),mu,0.1,99,4.785
Human Capital (μ),mu,0.1,100,4.846
Human Capital (μ),mu,0.15,1,1.993
Human Capital (μ),mu,0.15,2,1.073
Human Capital (μ),mu,0.15,3,0.977
Human Capital (μ),mu,0.15,4,0.862
Human Capital (μ),mu,0.15,5,0.751
Human Capital (μ),mu,0.15,6,0.65
Human Capital (μ),mu,0.15,7,0.56
Human Capital (μ),mu,0.15,8,0.48
Human Capital (μ),mu,0.15,9,0.411
Human Capital (μ),mu,0.15,10,0.352
Human Capital (μ),mu,0.15,11,0.302
Human Capital (μ),mu,0.15,12,0.26
Human Capital (μ),mu,0.15,13,0.227
Human Capital (μ),mu,0.15,14,0.201
Human Capital (μ),mu,0.15,15,0.183
Human Capital (μ),mu,0.15,16,0.172
Human Capital (μ),mu,0.15,17,0.167
Human Capital (μ),mu,0.15,18,0.169
Human Capital (μ),mu,0.15,19,0.176
Human Capital (μ),mu,0.15,20,0.189
Human Capital (μ),mu,0.15,21,0.207
Human Capital (μ),mu,0.15,22,0.23
Human Capital (μ),mu,0.15,23,0.258
Human Capital (μ),mu,0.15,24,0.29
Human Capital (μ),mu,0.15,25,0.327
Human Capital (μ),mu,0.15,26,0.368
Human Capital (μ),mu,0.15,27,0.412
Human Capital (μ),mu,0.15,28,0.46
Human Capital (μ),mu,0.15,29,0.512
Human Capital (μ),mu,0.15,30,0.567
Human Capital (μ),mu,0.15,31,0.625
Human Capital (μ),mu,0.15,32,0.686
Human Capital (μ),mu,0.15,33,0.749
Human Capital (μ),mu,0.15,34,0.816
Human Capital (μ),mu,0.15,35,0.885
Human Capital (μ),mu,0.15,36,0.956
Human Capital (μ),mu,0.15,37,1.029
Human Capital (μ),mu,0.15,38,1.105
Human Capital (μ),mu,0.15,39,1.182
Human Capital (μ),mu,0.15,40,1.262
Human Capital (μ),mu,0.15,41,1.343
Human Capital (μ),mu,0.15,42,1.426
Human Capital (μ),mu,0.15,43,1.511
Human Capital (μ),mu,0.15,44,1.597
Human Capital (μ),mu,0.15,45,1.684
Human Capital (μ),mu,0.15,46,1.773
Human Capital (μ),mu,0.15,47,1.863
Human Capital (μ),mu,0.15,48,1.955
Human Capital (μ),mu,0.15,49,2.047
Human Capital (μ),mu,0.15,50,2.14
Human Capital (μ),mu,0.15,51,2.235
Human Capital (μ),mu,0.15,52,2.33
Human Capital (μ),mu,0.15,53,2.426
Human Capital (μ),mu,0.15,54,2.523
Human Capital (μ),mu,0.15,55,2.621
Human Capital (μ),mu,0.15,56,2.719
Human Capital (μ),mu,0.15,57,2.818
Human Capital (μ),mu,0.15,58,2.917
Human Capital (μ),mu,0.15,59,3.017
Human Capital (μ),mu,0.15,60,3.117
Human Capital (μ),mu,0.15,61,3.218
Human Capital (μ),mu,0.15,62,3.319
Human Capital (μ),mu,0.15,63,3.421
Human Capital (μ),mu,0.15,64,3.522
Human Capital (μ),mu,0.15,65,3.624
Human Capital (μ),mu,0.15,66,3.726
Human Capital (μ),mu,0.15,67,3.829
Human Capital (μ),mu,0.15,68,3.931
Human Capital (μ),mu,0.15,69,4.034
Human Capital (μ),mu,0.15,70,4.136
Human Capital (μ),mu,0.15,71,4.239
Human Capital (μ),mu,0.15,72,4.341
Human Capital (μ),mu,0.15,73,4.444
Human Capital (μ),mu,0.15,74,4.546
Human Capital (μ),mu,0.15,75,4.649
Human Capital (μ),mu,0.15,76,4.751
Human Capital (μ),mu,0.15,77,4.853
Human Capital (μ),mu,0.15,78,4.955
Human Capital (μ),mu,0.15,79,5.056
Human Capital (μ),mu,0.15,80,5.158
Human Capital (μ),mu,0.15,81,5.259
Human Capital (μ),mu,0.15,82,5.36
Human Capital (μ),mu,0.15,83,5.461
Human Capital (μ),mu,0.15,84,5.561
Human Capital (μ),mu,0.15,85,5.661
Human Capital (μ),mu,0.15,86,5.76
Human Capital (μ),mu,0.15,87,5.859
Human Capital (μ),mu,0.15,88,5.958
Human Capital (μ),mu,0.15,89,6.057
Human Capital (μ),mu,0.15,90,6.155
Human Capital (μ),mu,0.15,91,6.252
Human Capital (μ),mu,0.15,92,6.349
Human Capital (μ),mu,0.15,93,6.446
Human Capital (μ),mu,0.15,94,6.542
Human Capital (μ),mu,0.15,95,6.637
Human Capital (μ),mu,0.15,96,6.732
Human Capital (μ),mu,0.15,97,6.827
Human Capital (μ),mu,0.15,98,6.92
Human Capital (μ),mu,0.15,99,7.014
Human Capital (μ),mu,0.15,100,7.107
Human Capital (μ),mu,0.2,1,2.499
Human Capital (μ),mu,0.2,2,1.347
Human Capital (μ),mu,0.2,3,1.214
Human Capital (μ),mu,0.2,4,1.059
Human Capital (μ),mu,0.2,5,0.91
Human Capital (μ),mu,0.2,6,0.774
Human Capital (μ),mu,0.2,7,0.652
Human Capital (μ),mu,0.2,8,0.545
Human Capital (μ),mu,0.2,9,0.452
Human Capital (μ),mu,0.2,10,0.372
Human Capital (μ),mu,0.2,11,0.304
Human Capital (μ),mu,0.2,12,0.247
Human Capital (μ),mu,0.2,13,0.202
Human Capital (μ),mu,0.2,14,0.167
Human Capital (μ),mu,0.2,15,0.141
Human Capital (μ),mu,0.2,16,0.125
Human Capital (μ),mu,0.2,17,0.118
Human Capital (μ),mu,0.2,18,0.119
Human Capital (μ),mu,0.2,19,0.128
Human Capital (μ),mu,0.2,20,0.145
Human Capital (μ),mu,0.2,21,0.168
Human Capital (μ),mu,0.2,22,0.198
Human Capital (μ),mu,0.2,23,0.235
Human Capital (μ),mu,0.2,24,0.277
Human Capital (μ),mu,0.2,25,0.325
Human Capital (μ),mu,0.2,26,0.379
Human Capital (μ),mu,0.2,27,0.438
Human Capital (μ),mu,0.2,28,0.501
Human Capital (μ),mu,0.2,29,0.57
Human Capital (μ),mu,0.2,30,0.642
Human Capital (μ),mu,0.2,31,0.719
Human Capital (μ),mu,0.2,32,0.8
Human Capital (μ),mu,0.2,33,0.884
Human Capital (μ),mu,0.2,34,0.972
Human Capital (μ),mu,0.2,35,1.064
Human Capital (μ),mu,0.2,36,1.158
Human Capital (μ),mu,0.2,37,1.256
Human Capital (μ),mu,0.2,38,1.356
Human Capital (μ),mu,0.2,39,1.459
Human Capital (μ),mu,0.2,40,1.565
Human Capital (μ),mu,0.2,41,1.673
Human Capital (μ),mu,0.2,42,1.784
Human Capital (μ),mu,0.2,43,1.897
Human Capital (μ),mu,0.2,44,2.011
Human Capital (μ),mu,0.2,45,2.128
Human Capital (μ),mu,0.2,46,2.247
Human Capital (μ),mu,0.2,47,2.367
Human Capital (μ),mu,0.2,48,2.489
Human Capital (μ),mu,0.2,49,2.612
Human Capital (μ),mu,0.2,50,2.737
Human Capital (μ),mu,0.2,51,2.863
Human Capital (μ),mu,0.2,52,2.991
Human Capital (μ),mu,0.2,53,3.119
Human Capital (μ),mu,0.2,54,3.249
Human Capital (μ),mu,0.2,55,3.38
Human Capital (μ),mu,0.2,56,3.511
Human Capital (μ),mu,0.2,57,3.644
Human Capital (μ),mu,0.2,58,3.777
Human Capital (μ),mu,0.2,59,3.911
Human Capital (μ),mu,0.2,60,4.046
Human Capital (μ),mu,0.2,61,4.181
Human Capital (μ),mu,0.2,62,4.317
Human Capital (μ),mu,0.2,63,4.454
Human Capital (μ),mu,0.2,64,4.591
Human Capital (μ),mu,0.2,65,4.728
Human Capital (μ),mu,0.2,66,4.865
Human Capital (μ),mu,0.2,67,5.003
Human Capital (μ),mu,0.2,68,5.141
Human Capital (μ),mu,0.2,69,5.28
Human Capital (μ),mu,0.2,70,5.418
Human Capital (μ),mu,0.2,71,5.557
Human Capital (μ),mu,0.2,72,5.695
Human Capital (μ),mu,0.2,73,5.834
Human Capital (μ),mu,0.2,74,5.972
Human Capital (μ),mu,0.2,75,6.111
Human Capital (μ),mu,0.2,76,6.249
Human Capital (μ),mu,0.2,77,6.387
Human Capital (μ),mu,0.2,78,6.525
Human Capital (μ),mu,0.2,79,6.663
Human Capital (μ),mu,0.2,80,6.801
Human Capital (μ),mu,0.2,81,6.938
Human Capital (μ),mu,0.2,82,7.075
Human Capital (μ),mu,0.2,83,7.211
Human Capital (μ),mu,0.2,84,7.348
Human Capital (μ),mu,0.2,85,7.484
Human Capital (μ),mu,0.2,86,7.619
Human Capital (μ),mu,0.2,87,7.754
Human Capital (μ),mu,0.2,88,7.888
Human Capital (μ),mu,0.2,89,8.022
Human Capital (μ),mu,0.2,90,8.156
Human Capital (μ),mu,0.2,91,8.289
Human Capital (μ),mu,0.2,92,8.421
Human Capital (μ),mu,0.2,93,8.553
Human Capital (μ),mu,0.2,94,8.684
Human Capital (μ),mu,0.2,95,8.814
Human Capital (μ),mu,0.2,96,8.944
Human Capital (μ),mu,0.2,97,9.073
Human Capital (μ),mu,0.2,98,9.201
Human Capital (μ),mu,0.2,99,9.329
Human Capital (μ),mu,0.2,100,9.455
R&D (α<sub>RD</sub>),alphaRD,0.05,1,0.507
R&D (α<sub>RD</sub>),alphaRD,0.05,2,0.111
R&D (α<sub>RD</sub>),alphaRD,0.05,3,0.087
R&D (α<sub>RD</sub>),alphaRD,0.05,4,0.071
R&D (α<sub>RD</sub>),alphaRD,0.05,5,0.067
R&D (α<sub>RD</sub>),alphaRD,0.05,6,0.074
R&D (α<sub>RD</sub>),alphaRD,0.05,7,0.091
R&D (α<sub>RD</sub>),alphaRD,0.05,8,0.114
R&D (α<sub>RD</sub>),alphaRD,0.05,9,0.143
R&D (α<sub>RD</sub>),alphaRD,0.05,10,0.176
R&D (α<sub>RD</sub>),alphaRD,0.05,11,0.213
R&D (α<sub>RD</sub>),alphaRD,0.05,12,0.251
R&D (α<sub>RD</sub>),alphaRD,0.05,13,0.291
R&D (α<sub>RD</sub>),alphaRD,0.05,14,0.332
R&D (α<sub>RD</sub>),alphaRD,0.05,15,0.374
R&D (α<sub>RD</sub>),alphaRD,0.05,16,0.416
R&D (α<sub>RD</sub>),alphaRD,0.05,17,0.459
R&D (α<sub>RD</sub>),alphaRD,0.05,18,0.501
R&D (α<sub>RD</sub>),alphaRD,0.05,19,0.543
R&D (α<sub>RD</sub>),alphaRD,0.05,20,0.585
R&D (α<sub>RD</sub>),alphaRD,0.05,21,0.626
R&D (α<sub>RD</sub>),alphaRD,0.05,22,0.668
R&D (α<sub>RD</sub>),alphaRD,0.05,23,0.708
R&D (α<sub>RD</sub>),alphaRD,0.05,24,0.748
R&D (α<sub>RD</sub>),alphaRD,0.05,25,0.788
R&D (α<sub>RD</sub>),alphaRD,0.05,26,0.827
R&D (α<sub>RD</sub>),alphaRD,0.05,27,0.866
R&D (α<sub>RD</sub>),alphaRD,0.05,28,0.904
R&D (α<sub>RD</sub>),alphaRD,0.05,29,0.941
R&D (α<sub>RD</sub>),alphaRD,0.05,30,0.978
R&D (α<sub>RD</sub>),alphaRD,0.05,31,1.015
R&D (α<sub>RD</sub>),alphaRD,0.05,32,1.051
R&D (α<sub>RD</sub>),alphaRD,0.05,33,1.086
R&D (α<sub>RD</sub>),alphaRD,0.05,34,1.121
R&D (α<sub>RD</sub>),alphaRD,0.05,35,1.155
R&D (α<sub>RD</sub>),alphaRD,0.05,36,1.189
R&D (α<sub>RD</sub>),alphaRD,0.05,37,1.223
R&D (α<sub>RD</sub>),alphaRD,0.05,38,1.256
R&D (α<sub>RD</sub>),alphaRD,0.05,39,1.288
R&D (α<sub>RD</sub>),alphaRD,0.05,40,1.32
R&D (α<sub>RD</sub>),alphaRD,0.05,41,1.352
R&D (α<sub>RD</sub>),alphaRD,0.05,42,1.383
R&D (α<sub>RD</sub>),alphaRD,0.05,43,1.413
R&D (α<sub>RD</sub>),alphaRD,0.05,44,1.443
R&D (α<sub>RD</sub>),alphaRD,0.05,45,1.473
R&D (α<sub>RD</sub>),alphaRD,0.05,46,1.502
R&D (α<sub>RD</sub>),alphaRD,0.05,47,1.531
R&D (α<sub>RD</sub>),alphaRD,0.05,48,1.56
R&D (α<sub>RD</sub>),alphaRD,0.05,49,1.588
R&D (α<sub>RD</sub>),alphaRD,0.05,50,1.615
R&D (α<sub>RD</sub>),alphaRD,0.05,51,1.643
R&D (α<sub>RD</sub>),alphaRD,0.05,52,1.67
R&D (α<sub>RD</sub>),alphaRD,0.05,53,1.696
R&D (α<sub>RD</sub>),alphaRD,0.05,54,1.722
R&D (α<sub>RD</sub>),alphaRD,0.05,55,1.748
R&D (α<sub>RD</sub>),alphaRD,0.05,56,1.774
R&D (α<sub>RD</sub>),alphaRD,0.05,57,1.799
R&D (α<sub>RD</sub>),alphaRD,0.05,58,1.823
R&D (α<sub>RD</sub>),alphaRD,0.05,59,1.848
R&D (α<sub>RD</sub>),alphaRD,0.05,60,1.872
R&D (α<sub>RD</sub>),alphaRD,0.05,61,1.895
R&D (α<sub>RD</sub>),alphaRD,0.05,62,1.919
R&D (α<sub>RD</sub>),alphaRD,0.05,63,1.942
R&D (α<sub>RD</sub>),alphaRD,0.05,64,1.965
R&D (α<sub>RD</sub>),alphaRD,0.05,65,1.987
R&D (α<sub>RD</sub>),alphaRD,0.05,66,2.009
R&D (α<sub>RD</sub>),alphaRD,0.05,67,2.031
R&D (α<sub>RD</sub>),alphaRD,0.05,68,2.052
R&D (α<sub>RD</sub>),alphaRD,0.05,69,2.073
R&D (α<sub>RD</sub>),alphaRD,0.05,70,2.094
R&D (α<sub>RD</sub>),alphaRD,0.05,71,2.115
R&D (α<sub>RD</sub>),alphaRD,0.05,72,2.135
R&D (α<sub>RD</sub>),alphaRD,0.05,73,2.155
R&D (α<sub>RD</sub>),alphaRD,0.05,74,2.175
R&D (α<sub>RD</sub>),alphaRD,0.05,75,2.195
R&D (α<sub>RD</sub>),alphaRD,0.05,76,2.214
R&D (α<sub>RD</sub>),alphaRD,0.05,77,2.233
R&D (α<sub>RD</sub>),alphaRD,0.05,78,2.251
R&D (α<sub>RD</sub>),alphaRD,0.05,79,2.27
R&D (α<sub>RD</sub>),alphaRD,0.05,80,2.288
R&D (α<sub>RD</sub>),alphaRD,0.05,81,2.306
R&D (α<sub>RD</sub>),alphaRD,0.05,82,2.324
R&D (α<sub>RD</sub>),alphaRD,0.05,83,2.341
R&D (α<sub>RD</sub>),alphaRD,0.05,84,2.358
R&D (α<sub>RD</sub>),alphaRD,0.05,85,2.375
R&D (α<sub>RD</sub>),alphaRD,0.05,86,2.392
R&D (α<sub>RD</sub>),alphaRD,0.05,87,2.408
R&D (α<sub>RD</sub>),alphaRD,0.05,88,2.425
R&D (α<sub>RD</sub>),alphaRD,0.05,89,2.441
R&D (α<sub>RD</sub>),alphaRD,0.05,90,2.457
R&D (α<sub>RD</sub>),alphaRD,0.05,91,2.472
R&D (α<sub>RD</sub>),alphaRD,0.05,92,2.488
R&D (α<sub>RD</sub>),alphaRD,0.05,93,2.503
R&D (α<sub>RD</sub>),alphaRD,0.05,94,2.518
R&D (α<sub>RD</sub>),alphaRD,0.05,95,2.532
R&D (α<sub>RD</sub>),alphaRD,0.05,96,2.547
R&D (α<sub>RD</sub>),alphaRD,0.05,97,2.561
R&D (α<sub>RD</sub>),alphaRD,0.05,98,2.575
R&D (α<sub>RD</sub>),alphaRD,0.05,99,2.589
R&D (α<sub>RD</sub>),alphaRD,0.05,100,2.603
R&D (α<sub>RD</sub>),alphaRD,0.07,1,0.549
R&D (α<sub>RD</sub>),alphaRD,0.07,2,0.072
R&D (α<sub>RD</sub>),alphaRD,0.07,3,0.032
R&D (α<sub>RD</sub>),alphaRD,0.07,4,0.007
R&D (α<sub>RD</sub>),alphaRD,0.07,5,-0.001
R&D (α<sub>RD</sub>),alphaRD,0.07,6,0.006
R&D (α<sub>RD</sub>),alphaRD,0.07,7,0.027
R&D (α<sub>RD</sub>),alphaRD,0.07,8,0.057
R&D (α<sub>RD</sub>),alphaRD,0.07,9,0.095
R&D (α<sub>RD</sub>),alphaRD,0.07,10,0.138
R&D (α<sub>RD</sub>),alphaRD,0.07,11,0.186
R&D (α<sub>RD</sub>),alphaRD,0.07,12,0.237
R&D (α<sub>RD</sub>),alphaRD,0.07,13,0.29
R&D (α<sub>RD</sub>),alphaRD,0.07,14,0.345
R&D (α<sub>RD</sub>),alphaRD,0.07,15,0.401
R&D (α<sub>RD</sub>),alphaRD,0.07,16,0.458
R&D (α<sub>RD</sub>),alphaRD,0.07,17,0.514
R&D (α<sub>RD</sub>),alphaRD,0.07,18,0.571
R&D (α<sub>RD</sub>),alphaRD,0.07,19,0.628
R&D (α<sub>RD</sub>),alphaRD,0.07,20,0.684
R&D (α<sub>RD</sub>),alphaRD,0.07,21,0.74
R&D (α<sub>RD</sub>),alphaRD,0.07,22,0.795
R&D (α<sub>RD</sub>),alphaRD,0.07,23,0.85
R&D (α<sub>RD</sub>),alphaRD,0.07,24,0.904
R&D (α<sub>RD</sub>),alphaRD,0.07,25,0.958
R&D (α<sub>RD</sub>),alphaRD,0.07,26,1.011
R&D (α<sub>RD</sub>),alphaRD,0.07,27,1.063
R&D (α<sub>RD</sub>),alphaRD,0.07,28,1.114
R&D (α<sub>RD</sub>),alphaRD,0.07,29,1.165
R&D (α<sub>RD</sub>),alphaRD,0.07,30,1.215
R&D (α<sub>RD</sub>),alphaRD,0.07,31,1.265
R&D (α<sub>RD</sub>),alphaRD,0.07,32,1.313
R&D (α<sub>RD</sub>),alphaRD,0.07,33,1.361
R&D (α<sub>RD</sub>),alphaRD,0.07,34,1.408
R&D (α<sub>RD</sub>),alphaRD,0.07,35,1.455
R&D (α<sub>RD</sub>),alphaRD,0.07,36,1.501
R&D (α<sub>RD</sub>),alphaRD,0.07,37,1.546
R&D (α<sub>RD</sub>),alphaRD,0.07,38,1.591
R&D (α<sub>RD</sub>),alphaRD,0.07,39,1.635
R&D (α<sub>RD</sub>),alphaRD,0.07,40,1.679
R&D (α<sub>RD</sub>),alphaRD,0.07,41,1.721
R&D (α<sub>RD</sub>),alphaRD,0.07,42,1.764
R&D (α<sub>RD</sub>),alphaRD,0.07,43,1.805
R&D (α<sub>RD</sub>),alphaRD,0.07,44,1.846
R&D (α<sub>RD</sub>),alphaRD,0.07,45,1.887
R&D (α<sub>RD</sub>),alphaRD,0.07,46,1.926
R&D (α<sub>RD</sub>),alphaRD,0.07,47,1.966
R&D (α<sub>RD</sub>),alphaRD,0.07,48,2.005
R&D (α<sub>RD</sub>),alphaRD,0.07,49,2.043
R&D (α<sub>RD</sub>),alphaRD,0.07,50,2.08
R&D (α<sub>RD</sub>),alphaRD,0.07,51,2.118
R&D (α<sub>RD</sub>),alphaRD,0.07,52,2.154
R&D (α<sub>RD</sub>),alphaRD,0.07,53,2.19
R&D (α<sub>RD</sub>),alphaRD,0.07,54,2.226
R&D (α<sub>RD</sub>),alphaRD,0.07,55,2.261
R&D (α<sub>RD</sub>),alphaRD,0.07,56,2.296
R&D (α<sub>RD</sub>),alphaRD,0.07,57,2.33
R&D (α<sub>RD</sub>),alphaRD,0.07,58,2.364
R&D (α<sub>RD</sub>),alphaRD,0.07,59,2.397
R&D (α<sub>RD</sub>),alphaRD,0.07,60,2.43
R&D (α<sub>RD</sub>),alphaRD,0.07,61,2.462
R&D (α<sub>RD</sub>),alphaRD,0.07,62,2.494
R&D (α<sub>RD</sub>),alphaRD,0.07,63,2.525
R&D (α<sub>RD</sub>),alphaRD,0.07,64,2.556
R&D (α<sub>RD</sub>),alphaRD,0.07,65,2.587
R&D (α<sub>RD</sub>),alphaRD,0.07,66,2.617
R&D (α<sub>RD</sub>),alphaRD,0.07,67,2.647
R&D (α<sub>RD</sub>),alphaRD,0.07,68,2.676
R&D (α<sub>RD</sub>),alphaRD,0.07,69,2.705
R&D (α<sub>RD</sub>),alphaRD,0.07,70,2.733
R&D (α<sub>RD</sub>),alphaRD,0.07,71,2.761
R&D (α<sub>RD</sub>),alphaRD,0.07,72,2.789
R&D (α<sub>RD</sub>),alphaRD,0.07,73,2.816
R&D (α<sub>RD</sub>),alphaRD,0.07,74,2.843
R&D (α<sub>RD</sub>),alphaRD,0.07,75,2.87
R&D (α<sub>RD</sub>),alphaRD,0.07,76,2.896
R&D (α<sub>RD</sub>),alphaRD,0.07,77,2.922
R&D (α<sub>RD</sub>),alphaRD,0.07,78,2.947
R&D (α<sub>RD</sub>),alphaRD,0.07,79,2.973
R&D (α<sub>RD</sub>),alphaRD,0.07,80,2.997
R&D (α<sub>RD</sub>),alphaRD,0.07,81,3.022
R&D (α<sub>RD</sub>),alphaRD,0.07,82,3.046
R&D (α<sub>RD</sub>),alphaRD,0.07,83,3.07
R&D (α<sub>RD</sub>),alphaRD,0.07,84,3.093
R&D (α<sub>RD</sub>),alphaRD,0.07,85,3.116
R&D (α<sub>RD</sub>),alphaRD,0.07,86,3.139
R&D (α<sub>RD</sub>),alphaRD,0.07,87,3.161
R&D (α<sub>RD</sub>),alphaRD,0.07,88,3.184
R&D (α<sub>RD</sub>),alphaRD,0.07,89,3.205
R&D (α<sub>RD</sub>),alphaRD,0.07,90,3.227
R&D (α<sub>RD</sub>),alphaRD,0.07,91,3.248
R&D (α<sub>RD</sub>),alphaRD,0.07,92,3.269
R&D (α<sub>RD</sub>),alphaRD,0.07,93,3.29
R&D (α<sub>RD</sub>),alphaRD,0.07,94,3.31
R&D (α<sub>RD</sub>),alphaRD,0.07,95,3.33
R&D (α<sub>RD</sub>),alphaRD,0.07,96,3.35
R&D (α<sub>RD</sub>),alphaRD,0.07,97,3.37
R&D (α<sub>RD</sub>),alphaRD,0.07,98,3.389
R&D (α<sub>RD</sub>),alphaRD,0.07,99,3.408
R&D (α<sub>RD</sub>),alphaRD,0.07,100,3.426
R&D (α<sub>RD</sub>),alphaRD,0.09,1,0.591
R&D (α<sub>RD</sub>),alphaRD,0.09,2,0.035
R&D (α<sub>RD</sub>),alphaRD,0.09,3,-0.021
R&D (α<sub>RD</sub>),alphaRD,0.09,4,-0.056
R&D (α<sub>RD</sub>),alphaRD,0.09,5,-0.069
R&D (α<sub>RD</sub>),alphaRD,0.09,6,-0.061
R&D (α<sub>RD</sub>),alphaRD,0.09,7,-0.037
R&D (α<sub>RD</sub>),alphaRD,0.09,8,-0.001
R&D (α<sub>RD</sub>),alphaRD,0.09,9,0.046
R&D (α<sub>RD</sub>),alphaRD,0.09,10,0.099
R&D (α<sub>RD</sub>),alphaRD,0.09,11,0.159
R&D (α<sub>RD</sub>),alphaRD,0.09,12,0.222
R&D (α<sub>RD</sub>),alphaRD,0.09,13,0.288
R&D (α<sub>RD</sub>),alphaRD,0.09,14,0.356
R&D (α<sub>RD</sub>),alphaRD,0.09,15,0.426
R&D (α<sub>RD</sub>),alphaRD,0.09,16,0.496
R&D (α<sub>RD</sub>),alphaRD,0.09,17,0.567
R&D (α<sub>RD</sub>),alphaRD,0.09,18,0.638
R&D (α<sub>RD</sub>),alphaRD,0.09,19,0.709
R&D (α<sub>RD</sub>),alphaRD,0.09,20,0.78
R&D (α<sub>RD</sub>),alphaRD,0.09,21,0.85
R&D (α<sub>RD</sub>),alphaRD,0.09,22,0.919
R&D (α<sub>RD</sub>),alphaRD,0.09,23,0.988
R&D (α<sub>RD</sub>),alphaRD,0.09,24,1.056
R&D (α<sub>RD</sub>),alphaRD,0.09,25,1.123
R&D (α<sub>RD</sub>),alphaRD,0.09,26,1.19
R&D (α<sub>RD</sub>),alphaRD,0.09,27,1.256
R&D (α<sub>RD</sub>),alphaRD,0.09,28,1.32
R&D (α<sub>RD</sub>),alphaRD,0.09,29,1.384
R&D (α<sub>RD</sub>),alphaRD,0.09,30,1.448
R&D (α<sub>RD</sub>),alphaRD,0.09,31,1.51
R&D (α<sub>RD</sub>),alphaRD,0.09,32,1.571
R&D (α<sub>RD</sub>),alphaRD,0.09,33,1.632
R&D (α<sub>RD</sub>),alphaRD,0.09,34,1.692
R&D (α<sub>RD</sub>),alphaRD,0.09,35,1.751
R&D (α<sub>RD</sub>),alphaRD,0.09,36,1.809
R&D (α<sub>RD</sub>),alphaRD,0.09,37,1.866
R&D (α<sub>RD</sub>),alphaRD,0.09,38,1.923
R&D (α<sub>RD</sub>),alphaRD,0.09,39,1.978
R&D (α<sub>RD</sub>),alphaRD,0.09,40,2.033
R&D (α<sub>RD</sub>),alphaRD,0.09,41,2.088
R&D (α<sub>RD</sub>),alphaRD,0.09,42,2.141
R&D (α<sub>RD</sub>),alphaRD,0.09,43,2.194
R&D (α<sub>RD</sub>),alphaRD,0.09,44,2.246
R&D (α<sub>RD</sub>),alphaRD,0.09,45,2.297
R&D (α<sub>RD</sub>),alphaRD,0.09,46,2.348
R&D (α<sub>RD</sub>),alphaRD,0.09,47,2.398
R&D (α<sub>RD</sub>),alphaRD,0.09,48,2.447
R&D (α<sub>RD</sub>),alphaRD,0.09,49,2.496
R&D (α<sub>RD</sub>),alphaRD,0.09,50,2.544
R&D (α<sub>RD</sub>),alphaRD,0.09,51,2.591
R&D (α<sub>RD</sub>),alphaRD,0.09,52,2.637
R&D (α<sub>RD</sub>),alphaRD,0.09,53,2.683
R&D (α<sub>RD</sub>),alphaRD,0.09,54,2.729
R&D (α<sub>RD</sub>),alphaRD,0.09,55,2.773
R&D (α<sub>RD</sub>),alphaRD,0.09,56,2.818
R&D (α<sub>RD</sub>),alphaRD,0.09,57,2.861
R&D (α<sub>RD</sub>),alphaRD,0.09,58,2.904
R&D (α<sub>RD</sub>),alphaRD,0.09,59,2.946
R&D (α<sub>RD</sub>),alphaRD,0.09,60,2.988
R&D (α<sub>RD</sub>),alphaRD,0.09,61,3.029
R&D (α<sub>RD</sub>),alphaRD,0.09,62,3.07
R&D (α<sub>RD</sub>),alphaRD,0.09,63,3.11
R&D (α<sub>RD</sub>),alphaRD,0.09,64,3.149
R&D (α<sub>RD</sub>),alphaRD,0.09,65,3.188
R&D (α<sub>RD</sub>),alphaRD,0.09,66,3.226
R&D (α<sub>RD</sub>),alphaRD,0.09,67,3.264
R&D (α<sub>RD</sub>),alphaRD,0.09,68,3.302
R&D (α<sub>RD</sub>),alphaRD,0.09,69,3.338
R&D (α<sub>RD</sub>),alphaRD,0.09,70,3.375
R&D (α<sub>RD</sub>),alphaRD,0.09,71,3.411
R&D (α<sub>RD</sub>),alphaRD,0.09,72,3.446
R&D (α<sub>RD</sub>),alphaRD,0.09,73,3.481
R&D (α<sub>RD</sub>),alphaRD,0.09,74,3.515
R&D (α<sub>RD</sub>),alphaRD,0.09,75,3.549
R&D (α<sub>RD</sub>),alphaRD,0.09,76,3.582
R&D (α<sub>RD</sub>),alphaRD,0.09,77,3.615
R&D (α<sub>RD</sub>),alphaRD,0.09,78,3.648
R&D (α<sub>RD</sub>),alphaRD,0.09,79,3.68
R&D (α<sub>RD</sub>),alphaRD,0.09,80,3.711
R&D (α<sub>RD</sub>),alphaRD,0.09,81,3.742
R&D (α<sub>RD</sub>),alphaRD,0.09,82,3.773
R&D (α<sub>RD</sub>),alphaRD,0.09,83,3.803
R&D (α<sub>RD</sub>),alphaRD,0.09,84,3.833
R&D (α<sub>RD</sub>),alphaRD,0.09,85,3.863
R&D (α<sub>RD</sub>),alphaRD,0.09,86,3.892
R&D (α<sub>RD</sub>),alphaRD,0.09,87,3.92
R&D (α<sub>RD</sub>),alphaRD,0.09,88,3.948
R&D (α<sub>RD</sub>),alphaRD,0.09,89,3.976
R&D (α<sub>RD</sub>),alphaRD,0.09,90,4.004
R&D (α<sub>RD</sub>),alphaRD,0.09,91,4.031
R&D (α<sub>RD</sub>),alphaRD,0.09,92,4.057
R&D (α<sub>RD</sub>),alphaRD,0.09,93,4.084
R&D (α<sub>RD</sub>),alphaRD,0.09,94,4.11
R&D (α<sub>RD</sub>),alphaRD,0.09,95,4.135
R&D (α<sub>RD</sub>),alphaRD,0.09,96,4.16
R&D (α<sub>RD</sub>),alphaRD,0.09,97,4.185
R&D (α<sub>RD</sub>),alphaRD,0.09,98,4.21
R&D (α<sub>RD</sub>),alphaRD,0.09,99,4.234
R&D (α<sub>RD</sub>),alphaRD,0.09,100,4.258
R&D (α<sub>RD</sub>),alphaRD,0.11,1,0.634
R&D (α<sub>RD</sub>),alphaRD,0.11,2,-0.003
R&D (α<sub>RD</sub>),alphaRD,0.11,3,-0.074
R&D (α<sub>RD</sub>),alphaRD,0.11,4,-0.119
R&D (α<sub>RD</sub>),alphaRD,0.11,5,-0.136
R&D (α<sub>RD</sub>),alphaRD,0.11,6,-0.128
R&D (α<sub>RD</sub>),alphaRD,0.11,7,-0.101
R&D (α<sub>RD</sub>),alphaRD,0.11,8,-0.058
R&D (α<sub>RD</sub>),alphaRD,0.11,9,-0.003
R&D (α<sub>RD</sub>),alphaRD,0.11,10,0.06
R&D (α<sub>RD</sub>),alphaRD,0.11,11,0.13
R&D (α<sub>RD</sub>),alphaRD,0.11,12,0.205
R&D (α<sub>RD</sub>),alphaRD,0.11,13,0.284
R&D (α<sub>RD</sub>),alphaRD,0.11,14,0.366
R&D (α<sub>RD</sub>),alphaRD,0.11,15,0.449
R&D (α<sub>RD</sub>),alphaRD,0.11,16,0.533
R&D (α<sub>RD</sub>),alphaRD,0.11,17,0.618
R&D (α<sub>RD</sub>),alphaRD,0.11,18,0.703
R&D (α<sub>RD</sub>),alphaRD,0.11,19,0.788
R&D (α<sub>RD</sub>),alphaRD,0.11,20,0.872
R&D (α<sub>RD</sub>),alphaRD,0.11,21,0.956
R&D (α<sub>RD</sub>),alphaRD,0.11,22,1.04
R&D (α<sub>RD</sub>),alphaRD,0.11,23,1.122
R&D (α<sub>RD</sub>),alphaRD,0.11,24,1.204
R&D (α<sub>RD</sub>),alphaRD,0.11,25,1.285
R&D (α<sub>RD</sub>),alphaRD,0.11,26,1.365
R&D (α<sub>RD</sub>),alphaRD,0.11,27,1.444
R&D (α<sub>RD</sub>),alphaRD,0.11,28,1.522
R&D (α<sub>RD</sub>),alphaRD,0.11,29,1.6
R&D (α<sub>RD</sub>),alphaRD,0.11,30,1.676
R&D (α<sub>RD</sub>),alphaRD,0.11,31,1.751
R&D (α<sub>RD</sub>),alphaRD,0.11,32,1.825
R&D (α<sub>RD</sub>),alphaRD,0.11,33,1.898
R&D (α<sub>RD</sub>),alphaRD,0.11,34,1.971
R&D (α<sub>RD</sub>),alphaRD,0.11,35,2.042
R&D (α<sub>RD</sub>),alphaRD,0.11,36,2.113
R&D (α<sub>RD</sub>),alphaRD,0.11,37,2.182
R&D (α<sub>RD</sub>),alphaRD,0.11,38,2.251
R&D (α<sub>RD</sub>),alphaRD,0.11,39,2.318
R&D (α<sub>RD</sub>),alphaRD,0.11,40,2.385
R&D (α<sub>RD</sub>),alphaRD,0.11,41,2.451
R&D (α<sub>RD</sub>),alphaRD,0.11,42,2.516
R&D (α<sub>RD</sub>),alphaRD,0.11,43,2.58
R&D (α<sub>RD</sub>),alphaRD,0.11,44,2.643
R&D (α<sub>RD</sub>),alphaRD,0.11,45,2.706
R&D (α<sub>RD</sub>),alphaRD,0.11,46,2.767
R&D (α<sub>RD</sub>),alphaRD,0.11,47,2.828
R&D (α<sub>RD</sub>),alphaRD,0.11,48,2.888
R&D (α<sub>RD</sub>),alphaRD,0.11,49,2.947
R&D (α<sub>RD</sub>),alphaRD,0.11,50,3.005
R&D (α<sub>RD</sub>),alphaRD,0.11,51,3.063
R&D (α<sub>RD</sub>),alphaRD,0.11,52,3.119
R&D (α<sub>RD</sub>),alphaRD,0.11,53,3.175
R&D (α<sub>RD</sub>),alphaRD,0.11,54,3.231
R&D (α<sub>RD</sub>),alphaRD,0.11,55,3.285
R&D (α<sub>RD</sub>),alphaRD,0.11,56,3.339
R&D (α<sub>RD</sub>),alphaRD,0.11,57,3.392
R&D (α<sub>RD</sub>),alphaRD,0.11,58,3.444
R&D (α<sub>RD</sub>),alphaRD,0.11,59,3.496
R&D (α<sub>RD</sub>),alphaRD,0.11,60,3.547
R&D (α<sub>RD</sub>),alphaRD,0.11,61,3.597
R&D (α<sub>RD</sub>),alphaRD,0.11,62,3.646
R&D (α<sub>RD</sub>),alphaRD,0.11,63,3.695
R&D (α<sub>RD</sub>),alphaRD,0.11,64,3.743
R&D (α<sub>RD</sub>),alphaRD,0.11,65,3.791
R&D (α<sub>RD</sub>),alphaRD,0.11,66,3.838
R&D (α<sub>RD</sub>),alphaRD,0.11,67,3.884
R&D (α<sub>RD</sub>),alphaRD,0.11,68,3.93
R&D (α<sub>RD</sub>),alphaRD,0.11,69,3.974
R&D (α<sub>RD</sub>),alphaRD,0.11,70,4.019
R&D (α<sub>RD</sub>),alphaRD,0.11,71,4.063
R&D (α<sub>RD</sub>),alphaRD,0.11,72,4.106
R&D (α<sub>RD</sub>),alphaRD,0.11,73,4.148
R&D (α<sub>RD</sub>),alphaRD,0.11,74,4.19
R&D (α<sub>RD</sub>),alphaRD,0.11,75,4.231
R&D (α<sub>RD</sub>),alphaRD,0.11,76,4.272
R&D (α<sub>RD</sub>),alphaRD,0.11,77,4.312
R&D (α<sub>RD</sub>),alphaRD,0.11,78,4.352
R&D (α<sub>RD</sub>),alphaRD,0.11,79,4.391
R&D (α<sub>RD</sub>),alphaRD,0.11,80,4.43
R&D (α<sub>RD</sub>),alphaRD,0.11,81,4.468
R&D (α<sub>RD</sub>),alphaRD,0.11,82,4.505
R&D (α<sub>RD</sub>),alphaRD,0.11,83,4.542
R&D (α<sub>RD</sub>),alphaRD,0.11,84,4.579
R&D (α<sub>RD</sub>),alphaRD,0.11,85,4.615
R&D (α<sub>RD</sub>),alphaRD,0.11,86,4.65
R&D (α<sub>RD</sub>),alphaRD,0.11,87,4.685
R&D (α<sub>RD</sub>),alphaRD,0.11,88,4.719
R&D (α<sub>RD</sub>),alphaRD,0.11,89,4.753
R&D (α<sub>RD</sub>),alphaRD,0.11,90,4.787
R&D (α<sub>RD</sub>),alphaRD,0.11,91,4.82
R&D (α<sub>RD</sub>),alphaRD,0.11,92,4.852
R&D (α<sub>RD</sub>),alphaRD,0.11,93,4.884
R&D (α<sub>RD</sub>),alphaRD,0.11,94,4.916
R&D (α<sub>RD</sub>),alphaRD,0.11,95,4.947
R&D (α<sub>RD</sub>),alphaRD,0.11,96,4.978
R&D (α<sub>RD</sub>),alphaRD,0.11,97,5.008
R&D (α<sub>RD</sub>),alphaRD,0.11,98,5.038
R&D (α<sub>RD</sub>),alphaRD,0.11,99,5.067
R&D (α<sub>RD</sub>),alphaRD,0.11,100,5.096
R&D (α<sub>RD</sub>),alphaRD,0.13,1,0.675
R&D (α<sub>RD</sub>),alphaRD,0.13,2,-0.039
R&D (α<sub>RD</sub>),alphaRD,0.13,3,-0.125
R&D (α<sub>RD</sub>),alphaRD,0.13,4,-0.18
R&D (α<sub>RD</sub>),alphaRD,0.13,5,-0.201
R&D (α<sub>RD</sub>),alphaRD,0.13,6,-0.194
R&D (α<sub>RD</sub>),alphaRD,0.13,7,-0.163
R&D (α<sub>RD</sub>),alphaRD,0.13,8,-0.115
R&D (α<sub>RD</sub>),alphaRD,0.13,9,-0.053
R&D (α<sub>RD</sub>),alphaRD,0.13,10,0.02
R&D (α<sub>RD</sub>),alphaRD,0.13,11,0.101
R&D (α<sub>RD</sub>),alphaRD,0.13,12,0.188
R&D (α<sub>RD</sub>),alphaRD,0.13,13,0.279
R&D (α<sub>RD</sub>),alphaRD,0.13,14,0.373
R&D (α<sub>RD</sub>),alphaRD,0.13,15,0.469
R&D (α<sub>RD</sub>),alphaRD,0.13,16,0.567
R&D (α<sub>RD</sub>),alphaRD,0.13,17,0.665
R&D (α<sub>RD</sub>),alphaRD,0.13,18,0.764
R&D (α<sub>RD</sub>),alphaRD,0.13,19,0.863
R&D (α<sub>RD</sub>),alphaRD,0.13,20,0.961
R&D (α<sub>RD</sub>),alphaRD,0.13,21,1.059
R&D (α<sub>RD</sub>),alphaRD,0.13,22,1.156
R&D (α<sub>RD</sub>),alphaRD,0.13,23,1.253
R&D (α<sub>RD</sub>),alphaRD,0.13,24,1.348
R&D (α<sub>RD</sub>),alphaRD,0.13,25,1.443
R&D (α<sub>RD</sub>),alphaRD,0.13,26,1.536
R&D (α<sub>RD</sub>),alphaRD,0.13,27,1.629
R&D (α<sub>RD</sub>),alphaRD,0.13,28,1.72
R&D (α<sub>RD</sub>),alphaRD,0.13,29,1.81
R&D (α<sub>RD</sub>),alphaRD,0.13,30,1.9
R&D (α<sub>RD</sub>),alphaRD,0.13,31,1.988
R&D (α<sub>RD</sub>),alphaRD,0.13,32,2.075
R&D (α<sub>RD</sub>),alphaRD,0.13,33,2.161
R&D (α<sub>RD</sub>),alphaRD,0.13,34,2.246
R&D (α<sub>RD</sub>),alphaRD,0.13,35,2.33
R&D (α<sub>RD</sub>),alphaRD,0.13,36,2.412
R&D (α<sub>RD</sub>),alphaRD,0.13,37,2.494
R&D (α<sub>RD</sub>),alphaRD,0.13,38,2.575
R&D (α<sub>RD</sub>),alphaRD,0.13,39,2.654
R&D (α<sub>RD</sub>),alphaRD,0.13,40,2.733
R&D (α<sub>RD</sub>),alphaRD,0.13,41,2.811
R&D (α<sub>RD</sub>),alphaRD,0.13,42,2.887
R&D (α<sub>RD</sub>),alphaRD,0.13,43,2.963
R&D (α<sub>RD</sub>),alphaRD,0.13,44,3.037
R&D (α<sub>RD</sub>),alphaRD,0.13,45,3.111
R&D (α<sub>RD</sub>),alphaRD,0.13,46,3.184
R&D (α<sub>RD</sub>),alphaRD,0.13,47,3.255
R&D (α<sub>RD</sub>),alphaRD,0.13,48,3.326
R&D (α<sub>RD</sub>),alphaRD,0.13,49,3.396
R&D (α<sub>RD</sub>),alphaRD,0.13,50,3.465
R&D (α<sub>RD</sub>),alphaRD,0.13,51,3.533
R&D (α<sub>RD</sub>),alphaRD,0.13,52,3.6
R&D (α<sub>RD</sub>),alphaRD,0.13,53,3.666
R&D (α<sub>RD</sub>),alphaRD,0.13,54,3.732
R&D (α<sub>RD</sub>),alphaRD,0.13,55,3.796
R&D (α<sub>RD</sub>),alphaRD,0.13,56,3.86
R&D (α<sub>RD</sub>),alphaRD,0.13,57,3.922
R&D (α<sub>RD</sub>),alphaRD,0.13,58,3.984
R&D (α<sub>RD</sub>),alphaRD,0.13,59,4.046
R&D (α<sub>RD</sub>),alphaRD,0.13,60,4.106
R&D (α<sub>RD</sub>),alphaRD,0.13,61,4.165
R&D (α<sub>RD</sub>),alphaRD,0.13,62,4.224
R&D (α<sub>RD</sub>),alphaRD,0.13,63,4.282
R&D (α<sub>RD</sub>),alphaRD,0.13,64,4.339
R&D (α<sub>RD</sub>),alphaRD,0.13,65,4.395
R&D (α<sub>RD</sub>),alphaRD,0.13,66,4.451
R&D (α<sub>RD</sub>),alphaRD,0.13,67,4.506
R&D (α<sub>RD</sub>),alphaRD,0.13,68,4.56
R&D (α<sub>RD</sub>),alphaRD,0.13,69,4.613
R&D (α<sub>RD</sub>),alphaRD,0.13,70,4.665
R&D (α<sub>RD</sub>),alphaRD,0.13,71,4.717
R&D (α<sub>RD</sub>),alphaRD,0.13,72,4.768
R&D (α<sub>RD</sub>),alphaRD,0.13,73,4.819
R&D (α<sub>RD</sub>),alphaRD,0.13,74,4.869
R&D (α<sub>RD</sub>),alphaRD,0.13,75,4.918
R&D (α<sub>RD</sub>),alphaRD,0.13,76,4.966
R&D (α<sub>RD</sub>),alphaRD,0.13,77,5.014
R&D (α<sub>RD</sub>),alphaRD,0.13,78,5.061
R&D (α<sub>RD</sub>),alphaRD,0.13,79,5.107
R&D (α<sub>RD</sub>),alphaRD,0.13,80,5.153
R&D (α<sub>RD</sub>),alphaRD,0.13,81,5.198
R&D (α<sub>RD</sub>),alphaRD,0.13,82,5.242
R&D (α<sub>RD</sub>),alphaRD,0.13,83,5.286
R&D (α<sub>RD</sub>),alphaRD,0.13,84,5.329
R&D (α<sub>RD</sub>),alphaRD,0.13,85,5.372
R&D (α<sub>RD</sub>),alphaRD,0.13,86,5.414
R&D (α<sub>RD</sub>),alphaRD,0.13,87,5.455
R&D (α<sub>RD</sub>),alphaRD,0.13,88,5.496
R&D (α<sub>RD</sub>),alphaRD,0.13,89,5.537
R&D (α<sub>RD</sub>),alphaRD,0.13,90,5.576
R&D (α<sub>RD</sub>),alphaRD,0.13,91,5.615
R&D (α<sub>RD</sub>),alphaRD,0.13,92,5.654
R&D (α<sub>RD</sub>),alphaRD,0.13,93,5.692
R&D (α<sub>RD</sub>),alphaRD,0.13,94,5.729
R&D (α<sub>RD</sub>),alphaRD,0.13,95,5.766
R&D (α<sub>RD</sub>),alphaRD,0.13,96,5.803
R&D (α<sub>RD</sub>),alphaRD,0.13,97,5.839
R&D (α<sub>RD</sub>),alphaRD,0.13,98,5.874
R&D (α<sub>RD</sub>),alphaRD,0.13,99,5.909
R&D (α<sub>RD</sub>),alphaRD,0.13,100,5.943
